Fechas,Dispositivos,Dia,Hora
02/11/2021 08:15,65,martes,8
02/11/2021 08:30,54,martes,8
02/11/2021 08:45,36,martes,8
02/11/2021 09:00,60,martes,9
02/11/2021 09:15,33,martes,9
02/11/2021 09:30,38,martes,9
02/11/2021 09:45,23,martes,9
02/11/2021 10:00,38,martes,10
02/11/2021 10:15,35,martes,10
02/11/2021 10:30,34,martes,10
02/11/2021 10:45,21,martes,10
02/11/2021 11:00,53,martes,11
02/11/2021 11:15,15,martes,11
02/11/2021 11:30,51,martes,11
02/11/2021 11:45,30,martes,11
02/11/2021 12:00,38,martes,12
02/11/2021 12:15,30,martes,12
02/11/2021 12:30,32,martes,12
02/11/2021 12:45,26,martes,12
02/11/2021 13:00,16,martes,13
02/11/2021 13:15,43,martes,13
02/11/2021 13:30,31,martes,13
02/11/2021 13:45,39,martes,13
02/11/2021 14:00,35,martes,14
02/11/2021 14:15,32,martes,14
02/11/2021 14:30,27,martes,14
02/11/2021 14:45,35,martes,14
02/11/2021 15:00,46,martes,15
02/11/2021 15:15,32,martes,15
02/11/2021 15:30,25,martes,15
02/11/2021 15:45,29,martes,15
02/11/2021 16:00,28,martes,16
02/11/2021 16:15,29,martes,16
02/11/2021 16:30,34,martes,16
02/11/2021 16:45,27,martes,16
02/11/2021 17:00,18,martes,17
02/11/2021 17:15,25,martes,17
02/11/2021 17:30,15,martes,17
02/11/2021 17:45,22,martes,17
02/11/2021 18:00,65,martes,18
02/11/2021 18:15,24,martes,18
02/11/2021 18:30,30,martes,18
02/11/2021 18:45,65,martes,18
02/11/2021 19:00,27,martes,19
02/11/2021 19:15,45,martes,19
02/11/2021 19:30,47,martes,19
02/11/2021 19:45,44,martes,19
02/11/2021 20:00,51,martes,20
02/11/2021 20:15,18,martes,20
02/11/2021 20:30,36,martes,20
02/11/2021 20:45,29,martes,20
02/11/2021 21:00,27,martes,21
02/11/2021 21:15,16,martes,21
02/11/2021 21:30,36,martes,21
02/11/2021 21:45,51,martes,21
02/11/2021 22:00,27,martes,22
02/11/2021 22:15,22,martes,22
02/11/2021 22:30,18,martes,22
02/11/2021 22:45,28,martes,22
02/11/2021 23:00,18,martes,23
02/11/2021 23:15,14,martes,23
02/11/2021 23:30,7,martes,23
02/11/2021 23:45,6,martes,23
03/11/2021 00:00,6,miércoles,0
03/11/2021 00:15,14,miércoles,0
03/11/2021 00:30,8,miércoles,0
03/11/2021 00:45,3,miércoles,0
03/11/2021 01:00,3,miércoles,1
03/11/2021 01:15,3,miércoles,1
03/11/2021 01:30,12,miércoles,1
03/11/2021 01:45,5,miércoles,1
03/11/2021 02:00,1,miércoles,2
03/11/2021 02:15,1,miércoles,2
03/11/2021 02:45,1,miércoles,2
03/11/2021 03:00,1,miércoles,3
03/11/2021 03:45,1,miércoles,3
03/11/2021 04:45,1,miércoles,4
03/11/2021 06:15,6,miércoles,6
03/11/2021 06:30,4,miércoles,6
03/11/2021 06:45,27,miércoles,6
03/11/2021 07:00,38,miércoles,7
03/11/2021 07:15,36,miércoles,7
03/11/2021 07:30,42,miércoles,7
03/11/2021 07:45,21,miércoles,7
03/11/2021 08:00,48,miércoles,8
03/11/2021 08:15,51,miércoles,8
03/11/2021 08:30,44,miércoles,8
03/11/2021 08:45,48,miércoles,8
03/11/2021 09:00,56,miércoles,9
03/11/2021 09:15,61,miércoles,9
03/11/2021 09:30,31,miércoles,9
03/11/2021 09:45,32,miércoles,9
03/11/2021 10:00,42,miércoles,10
03/11/2021 10:15,20,miércoles,10
03/11/2021 10:30,18,miércoles,10
03/11/2021 10:45,39,miércoles,10
03/11/2021 11:00,76,miércoles,11
03/11/2021 11:15,32,miércoles,11
03/11/2021 11:30,36,miércoles,11
03/11/2021 11:45,20,miércoles,11
03/11/2021 12:00,41,miércoles,12
03/11/2021 12:15,29,miércoles,12
03/11/2021 12:30,19,miércoles,12
03/11/2021 12:45,45,miércoles,12
03/11/2021 13:00,18,miércoles,13
03/11/2021 13:15,33,miércoles,13
03/11/2021 13:30,23,miércoles,13
03/11/2021 13:45,28,miércoles,13
03/11/2021 14:00,21,miércoles,14
03/11/2021 14:15,44,miércoles,14
03/11/2021 14:30,32,miércoles,14
03/11/2021 14:45,41,miércoles,14
03/11/2021 15:00,22,miércoles,15
03/11/2021 15:15,38,miércoles,15
03/11/2021 15:30,23,miércoles,15
03/11/2021 15:45,37,miércoles,15
03/11/2021 16:00,42,miércoles,16
03/11/2021 16:15,34,miércoles,16
03/11/2021 16:30,64,miércoles,16
03/11/2021 16:45,29,miércoles,16
03/11/2021 17:00,41,miércoles,17
03/11/2021 17:15,38,miércoles,17
03/11/2021 17:30,35,miércoles,17
03/11/2021 17:45,47,miércoles,17
03/11/2021 18:00,18,miércoles,18
03/11/2021 18:15,36,miércoles,18
03/11/2021 18:30,25,miércoles,18
03/11/2021 18:45,41,miércoles,18
03/11/2021 19:00,40,miércoles,19
03/11/2021 19:15,64,miércoles,19
03/11/2021 19:30,31,miércoles,19
03/11/2021 19:45,79,miércoles,19
03/11/2021 20:00,67,miércoles,20
03/11/2021 20:15,51,miércoles,20
03/11/2021 20:30,51,miércoles,20
03/11/2021 20:45,20,miércoles,20
03/11/2021 21:00,36,miércoles,21
03/11/2021 21:15,31,miércoles,21
03/11/2021 21:30,21,miércoles,21
03/11/2021 21:45,34,miércoles,21
03/11/2021 22:00,22,miércoles,22
03/11/2021 22:15,15,miércoles,22
03/11/2021 22:30,11,miércoles,22
03/11/2021 22:45,22,miércoles,22
03/11/2021 23:00,47,miércoles,23
03/11/2021 23:15,20,miércoles,23
03/11/2021 23:30,23,miércoles,23
03/11/2021 23:45,18,miércoles,23
04/11/2021 00:00,8,jueves,0
04/11/2021 00:15,8,jueves,0
04/11/2021 00:30,5,jueves,0
04/11/2021 00:45,15,jueves,0
04/11/2021 01:00,3,jueves,1
04/11/2021 01:30,6,jueves,1
04/11/2021 01:45,2,jueves,1
04/11/2021 02:00,4,jueves,2
04/11/2021 02:15,2,jueves,2
04/11/2021 02:45,8,jueves,2
04/11/2021 04:15,2,jueves,4
04/11/2021 04:30,3,jueves,4
04/11/2021 04:45,5,jueves,4
04/11/2021 05:00,1,jueves,5
04/11/2021 06:15,3,jueves,6
04/11/2021 06:30,4,jueves,6
04/11/2021 06:45,7,jueves,6
04/11/2021 07:00,15,jueves,7
04/11/2021 07:15,15,jueves,7
04/11/2021 07:30,40,jueves,7
04/11/2021 07:45,21,jueves,7
04/11/2021 08:00,29,jueves,8
04/11/2021 08:15,54,jueves,8
04/11/2021 08:30,27,jueves,8
04/11/2021 08:45,31,jueves,8
04/11/2021 09:00,70,jueves,9
04/11/2021 09:15,22,jueves,9
04/11/2021 09:30,63,jueves,9
04/11/2021 09:45,31,jueves,9
04/11/2021 10:00,62,jueves,10
04/11/2021 10:15,23,jueves,10
04/11/2021 10:30,25,jueves,10
04/11/2021 10:45,52,jueves,10
04/11/2021 11:00,22,jueves,11
04/11/2021 11:15,16,jueves,11
04/11/2021 11:30,24,jueves,11
04/11/2021 11:45,33,jueves,11
04/11/2021 12:00,19,jueves,12
04/11/2021 12:15,41,jueves,12
04/11/2021 12:30,33,jueves,12
04/11/2021 12:45,17,jueves,12
04/11/2021 13:00,14,jueves,13
04/11/2021 13:15,32,jueves,13
04/11/2021 13:30,31,jueves,13
04/11/2021 13:45,27,jueves,13
04/11/2021 14:00,29,jueves,14
04/11/2021 14:15,29,jueves,14
04/11/2021 14:30,41,jueves,14
04/11/2021 14:45,14,jueves,14
04/11/2021 15:00,25,jueves,15
04/11/2021 15:15,51,jueves,15
04/11/2021 15:30,47,jueves,15
04/11/2021 15:45,40,jueves,15
04/11/2021 16:00,32,jueves,16
04/11/2021 16:15,25,jueves,16
04/11/2021 16:30,29,jueves,16
04/11/2021 16:45,31,jueves,16
04/11/2021 17:00,31,jueves,17
04/11/2021 17:15,33,jueves,17
04/11/2021 17:30,25,jueves,17
04/11/2021 17:45,37,jueves,17
04/11/2021 18:00,39,jueves,18
04/11/2021 18:15,34,jueves,18
04/11/2021 18:30,36,jueves,18
04/11/2021 18:45,25,jueves,18
04/11/2021 19:00,16,jueves,19
04/11/2021 19:15,35,jueves,19
04/11/2021 19:30,51,jueves,19
04/11/2021 19:45,81,jueves,19
04/11/2021 20:00,55,jueves,20
04/11/2021 20:15,60,jueves,20
04/11/2021 20:30,46,jueves,20
04/11/2021 20:45,35,jueves,20
04/11/2021 21:00,53,jueves,21
04/11/2021 21:15,42,jueves,21
04/11/2021 21:30,25,jueves,21
04/11/2021 21:45,29,jueves,21
04/11/2021 22:00,31,jueves,22
04/11/2021 22:15,16,jueves,22
04/11/2021 22:30,23,jueves,22
04/11/2021 22:45,20,jueves,22
04/11/2021 23:00,30,jueves,23
04/11/2021 23:15,22,jueves,23
04/11/2021 23:30,6,jueves,23
04/11/2021 23:45,2,jueves,23
05/11/2021 00:00,4,viernes,0
05/11/2021 00:15,8,viernes,0
05/11/2021 00:30,1,viernes,0
05/11/2021 00:45,2,viernes,0
05/11/2021 01:00,12,viernes,1
05/11/2021 01:15,1,viernes,1
05/11/2021 01:45,3,viernes,1
05/11/2021 02:00,1,viernes,2
05/11/2021 02:30,5,viernes,2
05/11/2021 02:45,3,viernes,2
05/11/2021 03:15,1,viernes,3
05/11/2021 03:30,5,viernes,3
05/11/2021 03:45,3,viernes,3
05/11/2021 04:45,1,viernes,4
05/11/2021 05:00,2,viernes,5
05/11/2021 06:15,6,viernes,6
05/11/2021 06:30,2,viernes,6
05/11/2021 06:45,23,viernes,6
05/11/2021 07:00,31,viernes,7
05/11/2021 07:15,37,viernes,7
05/11/2021 07:30,29,viernes,7
05/11/2021 07:45,43,viernes,7
05/11/2021 08:00,45,viernes,8
05/11/2021 08:15,78,viernes,8
05/11/2021 08:30,36,viernes,8
05/11/2021 08:45,37,viernes,8
05/11/2021 09:00,50,viernes,9
05/11/2021 09:15,36,viernes,9
05/11/2021 09:30,39,viernes,9
05/11/2021 09:45,39,viernes,9
05/11/2021 10:00,38,viernes,10
05/11/2021 10:15,34,viernes,10
05/11/2021 10:30,37,viernes,10
05/11/2021 10:45,71,viernes,10
05/11/2021 11:00,27,viernes,11
05/11/2021 11:15,24,viernes,11
05/11/2021 11:30,24,viernes,11
05/11/2021 11:45,15,viernes,11
05/11/2021 12:00,27,viernes,12
05/11/2021 12:15,28,viernes,12
05/11/2021 12:30,39,viernes,12
05/11/2021 12:45,19,viernes,12
05/11/2021 13:00,34,viernes,13
05/11/2021 13:15,28,viernes,13
05/11/2021 13:30,45,viernes,13
05/11/2021 13:45,34,viernes,13
05/11/2021 14:00,36,viernes,14
05/11/2021 14:15,27,viernes,14
05/11/2021 14:30,26,viernes,14
05/11/2021 14:45,44,viernes,14
05/11/2021 15:00,38,viernes,15
05/11/2021 15:15,29,viernes,15
05/11/2021 15:30,24,viernes,15
05/11/2021 15:45,33,viernes,15
05/11/2021 16:00,26,viernes,16
05/11/2021 16:15,57,viernes,16
05/11/2021 16:30,34,viernes,16
05/11/2021 16:45,41,viernes,16
05/11/2021 17:00,23,viernes,17
05/11/2021 17:15,20,viernes,17
05/11/2021 17:30,38,viernes,17
05/11/2021 17:45,58,viernes,17
05/11/2021 18:00,22,viernes,18
05/11/2021 18:15,20,viernes,18
05/11/2021 18:30,33,viernes,18
05/11/2021 18:45,17,viernes,18
05/11/2021 19:00,54,viernes,19
05/11/2021 19:15,45,viernes,19
05/11/2021 19:30,49,viernes,19
05/11/2021 19:45,54,viernes,19
05/11/2021 20:00,43,viernes,20
05/11/2021 20:15,69,viernes,20
05/11/2021 20:30,68,viernes,20
05/11/2021 20:45,45,viernes,20
05/11/2021 21:00,41,viernes,21
05/11/2021 21:15,43,viernes,21
05/11/2021 21:30,28,viernes,21
05/11/2021 21:45,38,viernes,21
05/11/2021 22:00,35,viernes,22
05/11/2021 22:15,26,viernes,22
05/11/2021 22:30,20,viernes,22
05/11/2021 22:45,26,viernes,22
05/11/2021 23:00,33,viernes,23
05/11/2021 23:15,40,viernes,23
05/11/2021 23:30,29,viernes,23
05/11/2021 23:45,8,viernes,23
06/11/2021 00:00,2,sábado,0
06/11/2021 00:15,17,sábado,0
06/11/2021 00:30,2,sábado,0
06/11/2021 00:45,14,sábado,0
06/11/2021 01:00,3,sábado,1
06/11/2021 01:15,1,sábado,1
06/11/2021 01:30,17,sábado,1
06/11/2021 01:45,3,sábado,1
06/11/2021 02:00,5,sábado,2
06/11/2021 02:15,2,sábado,2
06/11/2021 02:30,3,sábado,2
06/11/2021 02:45,8,sábado,2
06/11/2021 03:00,6,sábado,3
06/11/2021 03:15,1,sábado,3
06/11/2021 04:15,4,sábado,4
06/11/2021 04:45,1,sábado,4
06/11/2021 05:00,2,sábado,5
06/11/2021 05:30,2,sábado,5
06/11/2021 05:45,22,sábado,5
06/11/2021 06:00,2,sábado,6
06/11/2021 06:15,11,sábado,6
06/11/2021 06:30,13,sábado,6
06/11/2021 06:45,15,sábado,6
06/11/2021 07:00,22,sábado,7
06/11/2021 07:15,16,sábado,7
06/11/2021 07:30,37,sábado,7
06/11/2021 07:45,44,sábado,7
06/11/2021 08:00,50,sábado,8
06/11/2021 08:15,55,sábado,8
06/11/2021 08:30,29,sábado,8
06/11/2021 08:45,52,sábado,8
06/11/2021 09:00,43,sábado,9
06/11/2021 09:15,44,sábado,9
06/11/2021 09:30,44,sábado,9
06/11/2021 09:45,17,sábado,9
06/11/2021 10:00,30,sábado,10
06/11/2021 10:15,33,sábado,10
06/11/2021 10:30,28,sábado,10
06/11/2021 10:45,45,sábado,10
06/11/2021 11:00,25,sábado,11
06/11/2021 11:15,26,sábado,11
06/11/2021 11:30,18,sábado,11
06/11/2021 11:45,29,sábado,11
06/11/2021 12:00,39,sábado,12
06/11/2021 12:15,31,sábado,12
06/11/2021 12:30,35,sábado,12
06/11/2021 12:45,38,sábado,12
06/11/2021 13:00,42,sábado,13
06/11/2021 13:15,26,sábado,13
06/11/2021 13:30,37,sábado,13
06/11/2021 13:45,26,sábado,13
06/11/2021 14:00,41,sábado,14
06/11/2021 14:15,20,sábado,14
06/11/2021 14:30,30,sábado,14
06/11/2021 14:45,47,sábado,14
06/11/2021 15:00,27,sábado,15
06/11/2021 15:15,45,sábado,15
06/11/2021 15:30,31,sábado,15
06/11/2021 15:45,39,sábado,15
06/11/2021 16:00,23,sábado,16
06/11/2021 16:15,39,sábado,16
06/11/2021 16:30,20,sábado,16
06/11/2021 16:45,51,sábado,16
06/11/2021 17:00,46,sábado,17
06/11/2021 17:15,22,sábado,17
06/11/2021 17:30,27,sábado,17
06/11/2021 17:45,39,sábado,17
06/11/2021 18:00,31,sábado,18
06/11/2021 18:15,56,sábado,18
06/11/2021 18:30,28,sábado,18
06/11/2021 18:45,62,sábado,18
06/11/2021 19:00,20,sábado,19
06/11/2021 19:15,41,sábado,19
06/11/2021 19:30,41,sábado,19
06/11/2021 19:45,62,sábado,19
06/11/2021 20:00,48,sábado,20
06/11/2021 20:15,68,sábado,20
06/11/2021 20:30,50,sábado,20
06/11/2021 20:45,40,sábado,20
06/11/2021 21:00,54,sábado,21
06/11/2021 21:15,39,sábado,21
06/11/2021 21:30,44,sábado,21
06/11/2021 21:45,12,sábado,21
06/11/2021 22:00,43,sábado,22
06/11/2021 22:15,45,sábado,22
06/11/2021 22:30,42,sábado,22
06/11/2021 22:45,25,sábado,22
06/11/2021 23:00,26,sábado,23
06/11/2021 23:15,24,sábado,23
06/11/2021 23:30,21,sábado,23
06/11/2021 23:45,12,sábado,23
07/11/2021 00:00,11,domingo,0
07/11/2021 00:15,10,domingo,0
07/11/2021 00:30,16,domingo,0
07/11/2021 00:45,9,domingo,0
07/11/2021 01:00,14,domingo,1
07/11/2021 01:15,11,domingo,1
07/11/2021 01:30,21,domingo,1
07/11/2021 01:45,7,domingo,1
07/11/2021 02:00,7,domingo,2
07/11/2021 02:15,8,domingo,2
07/11/2021 02:30,1,domingo,2
07/11/2021 02:45,5,domingo,2
07/11/2021 03:00,5,domingo,3
07/11/2021 03:30,1,domingo,3
07/11/2021 03:45,3,domingo,3
07/11/2021 04:00,2,domingo,4
07/11/2021 04:15,6,domingo,4
07/11/2021 04:30,9,domingo,4
07/11/2021 04:45,5,domingo,4
07/11/2021 05:00,5,domingo,5
07/11/2021 05:30,8,domingo,5
07/11/2021 05:45,4,domingo,5
07/11/2021 06:30,1,domingo,6
07/11/2021 06:45,17,domingo,6
07/11/2021 07:00,12,domingo,7
07/11/2021 07:15,16,domingo,7
07/11/2021 07:30,30,domingo,7
07/11/2021 07:45,7,domingo,7
07/11/2021 08:00,37,domingo,8
07/11/2021 08:15,35,domingo,8
07/11/2021 08:30,55,domingo,8
07/11/2021 08:45,72,domingo,8
07/11/2021 09:00,62,domingo,9
07/11/2021 09:15,21,domingo,9
07/11/2021 09:30,40,domingo,9
07/11/2021 09:45,24,domingo,9
07/11/2021 10:00,34,domingo,10
07/11/2021 10:15,26,domingo,10
07/11/2021 10:30,23,domingo,10
07/11/2021 10:45,24,domingo,10
07/11/2021 11:00,51,domingo,11
07/11/2021 11:15,30,domingo,11
07/11/2021 11:30,28,domingo,11
07/11/2021 11:45,25,domingo,11
07/11/2021 12:00,32,domingo,12
07/11/2021 12:15,71,domingo,12
07/11/2021 12:30,37,domingo,12
07/11/2021 12:45,47,domingo,12
07/11/2021 13:00,10,domingo,13
07/11/2021 13:15,30,domingo,13
07/11/2021 13:30,42,domingo,13
07/11/2021 13:45,35,domingo,13
07/11/2021 14:00,31,domingo,14
07/11/2021 14:15,20,domingo,14
07/11/2021 14:30,61,domingo,14
07/11/2021 14:45,41,domingo,14
07/11/2021 15:00,45,domingo,15
07/11/2021 15:15,36,domingo,15
07/11/2021 15:30,51,domingo,15
07/11/2021 15:45,40,domingo,15
07/11/2021 16:00,53,domingo,16
07/11/2021 16:15,59,domingo,16
07/11/2021 16:30,61,domingo,16
07/11/2021 16:45,33,domingo,16
07/11/2021 17:00,43,domingo,17
07/11/2021 17:15,58,domingo,17
07/11/2021 17:30,33,domingo,17
07/11/2021 17:45,47,domingo,17
07/11/2021 18:00,53,domingo,18
07/11/2021 18:15,59,domingo,18
07/11/2021 18:30,47,domingo,18
07/11/2021 18:45,55,domingo,18
07/11/2021 19:00,33,domingo,19
07/11/2021 19:15,48,domingo,19
07/11/2021 19:30,33,domingo,19
07/11/2021 19:45,22,domingo,19
07/11/2021 20:00,29,domingo,20
07/11/2021 20:15,24,domingo,20
07/11/2021 20:30,28,domingo,20
07/11/2021 20:45,58,domingo,20
07/11/2021 21:00,31,domingo,21
07/11/2021 21:15,32,domingo,21
07/11/2021 21:30,31,domingo,21
07/11/2021 21:45,20,domingo,21
07/11/2021 22:00,22,domingo,22
07/11/2021 22:15,15,domingo,22
07/11/2021 22:30,53,domingo,22
07/11/2021 22:45,35,domingo,22
07/11/2021 23:00,34,domingo,23
07/11/2021 23:15,22,domingo,23
07/11/2021 23:30,23,domingo,23
07/11/2021 23:45,26,domingo,23
08/11/2021 00:00,18,lunes,0
08/11/2021 00:15,10,lunes,0
08/11/2021 00:30,16,lunes,0
08/11/2021 00:45,9,lunes,0
08/11/2021 01:00,19,lunes,1
08/11/2021 01:15,22,lunes,1
08/11/2021 01:30,22,lunes,1
08/11/2021 01:45,12,lunes,1
08/11/2021 02:00,15,lunes,2
08/11/2021 02:15,14,lunes,2
08/11/2021 02:30,10,lunes,2
08/11/2021 02:45,5,lunes,2
08/11/2021 03:00,7,lunes,3
08/11/2021 03:15,5,lunes,3
08/11/2021 03:45,5,lunes,3
08/11/2021 04:00,10,lunes,4
08/11/2021 04:15,18,lunes,4
08/11/2021 04:30,12,lunes,4
08/11/2021 05:00,5,lunes,5
08/11/2021 05:15,2,lunes,5
08/11/2021 05:30,1,lunes,5
08/11/2021 05:45,5,lunes,5
08/11/2021 06:00,5,lunes,6
08/11/2021 06:15,15,lunes,6
08/11/2021 06:30,9,lunes,6
08/11/2021 06:45,4,lunes,6
08/11/2021 07:00,19,lunes,7
08/11/2021 07:15,6,lunes,7
08/11/2021 07:30,9,lunes,7
08/11/2021 07:45,7,lunes,7
08/11/2021 08:00,2,lunes,8
08/11/2021 08:15,18,lunes,8
08/11/2021 08:30,11,lunes,8
08/11/2021 08:45,15,lunes,8
08/11/2021 09:00,16,lunes,9
08/11/2021 09:15,43,lunes,9
08/11/2021 09:30,37,lunes,9
08/11/2021 09:45,32,lunes,9
08/11/2021 10:00,27,lunes,10
08/11/2021 10:15,44,lunes,10
08/11/2021 10:30,43,lunes,10
08/11/2021 10:45,20,lunes,10
08/11/2021 11:00,36,lunes,11
08/11/2021 11:15,27,lunes,11
08/11/2021 11:30,20,lunes,11
08/11/2021 11:45,53,lunes,11
08/11/2021 12:00,36,lunes,12
08/11/2021 12:15,18,lunes,12
08/11/2021 12:30,33,lunes,12
08/11/2021 12:45,27,lunes,12
08/11/2021 13:00,29,lunes,13
08/11/2021 13:15,30,lunes,13
08/11/2021 13:30,28,lunes,13
08/11/2021 13:45,23,lunes,13
08/11/2021 14:00,31,lunes,14
08/11/2021 14:15,25,lunes,14
08/11/2021 14:30,67,lunes,14
08/11/2021 14:45,23,lunes,14
08/11/2021 15:00,51,lunes,15
08/11/2021 15:15,32,lunes,15
08/11/2021 15:30,40,lunes,15
08/11/2021 15:45,30,lunes,15
08/11/2021 16:00,26,lunes,16
08/11/2021 16:15,37,lunes,16
08/11/2021 16:30,48,lunes,16
08/11/2021 16:45,24,lunes,16
08/11/2021 17:00,28,lunes,17
08/11/2021 17:15,29,lunes,17
08/11/2021 17:30,26,lunes,17
08/11/2021 17:45,23,lunes,17
08/11/2021 18:00,26,lunes,18
08/11/2021 18:15,31,lunes,18
08/11/2021 18:30,21,lunes,18
08/11/2021 18:45,30,lunes,18
08/11/2021 19:00,30,lunes,19
08/11/2021 19:15,8,lunes,19
08/11/2021 19:30,34,lunes,19
08/11/2021 19:45,43,lunes,19
08/11/2021 20:00,32,lunes,20
08/11/2021 20:15,16,lunes,20
08/11/2021 20:30,51,lunes,20
08/11/2021 20:45,33,lunes,20
08/11/2021 21:00,39,lunes,21
08/11/2021 21:15,32,lunes,21
08/11/2021 21:30,18,lunes,21
08/11/2021 21:45,18,lunes,21
08/11/2021 22:00,24,lunes,22
08/11/2021 22:15,29,lunes,22
08/11/2021 22:30,23,lunes,22
08/11/2021 22:45,38,lunes,22
08/11/2021 23:00,15,lunes,23
08/11/2021 23:15,4,lunes,23
08/11/2021 23:30,12,lunes,23
08/11/2021 23:45,11,lunes,23
09/11/2021 00:00,7,martes,0
09/11/2021 00:15,6,martes,0
09/11/2021 00:30,3,martes,0
09/11/2021 00:45,5,martes,0
09/11/2021 01:00,2,martes,1
09/11/2021 01:15,10,martes,1
09/11/2021 01:30,4,martes,1
09/11/2021 01:45,2,martes,1
09/11/2021 02:15,10,martes,2
09/11/2021 02:30,3,martes,2
09/11/2021 02:45,7,martes,2
09/11/2021 03:15,1,martes,3
09/11/2021 03:30,4,martes,3
09/11/2021 03:45,4,martes,3
09/11/2021 04:00,3,martes,4
09/11/2021 04:15,3,martes,4
09/11/2021 05:00,1,martes,5
09/11/2021 06:15,5,martes,6
09/11/2021 06:30,1,martes,6
09/11/2021 06:45,16,martes,6
09/11/2021 07:00,24,martes,7
09/11/2021 07:15,32,martes,7
09/11/2021 07:30,37,martes,7
09/11/2021 07:45,39,martes,7
09/11/2021 08:00,42,martes,8
09/11/2021 08:15,49,martes,8
09/11/2021 08:30,39,martes,8
09/11/2021 08:45,38,martes,8
09/11/2021 09:00,49,martes,9
09/11/2021 09:15,29,martes,9
09/11/2021 09:30,33,martes,9
09/11/2021 09:45,54,martes,9
09/11/2021 10:00,25,martes,10
09/11/2021 10:15,52,martes,10
09/11/2021 10:30,25,martes,10
09/11/2021 10:45,39,martes,10
09/11/2021 11:00,22,martes,11
09/11/2021 11:15,47,martes,11
09/11/2021 11:30,30,martes,11
09/11/2021 11:45,36,martes,11
09/11/2021 12:00,16,martes,12
09/11/2021 12:15,56,martes,12
09/11/2021 12:30,38,martes,12
09/11/2021 12:45,22,martes,12
09/11/2021 13:00,34,martes,13
09/11/2021 13:15,31,martes,13
09/11/2021 13:30,31,martes,13
09/11/2021 13:45,36,martes,13
09/11/2021 14:00,32,martes,14
09/11/2021 14:15,28,martes,14
09/11/2021 14:30,29,martes,14
09/11/2021 14:45,16,martes,14
09/11/2021 15:00,17,martes,15
09/11/2021 15:15,35,martes,15
09/11/2021 15:30,38,martes,15
09/11/2021 15:45,33,martes,15
09/11/2021 16:00,22,martes,16
09/11/2021 16:15,34,martes,16
09/11/2021 16:30,28,martes,16
09/11/2021 16:45,20,martes,16
09/11/2021 17:00,23,martes,17
09/11/2021 17:15,43,martes,17
09/11/2021 17:30,33,martes,17
09/11/2021 17:45,24,martes,17
09/11/2021 18:00,52,martes,18
09/11/2021 18:15,28,martes,18
09/11/2021 18:30,48,martes,18
09/11/2021 18:45,56,martes,18
09/11/2021 19:00,28,martes,19
09/11/2021 19:15,71,martes,19
09/11/2021 19:30,42,martes,19
09/11/2021 19:45,54,martes,19
09/11/2021 20:00,49,martes,20
09/11/2021 20:15,72,martes,20
09/11/2021 20:30,71,martes,20
09/11/2021 20:45,39,martes,20
09/11/2021 21:00,36,martes,21
09/11/2021 21:15,39,martes,21
09/11/2021 21:30,21,martes,21
09/11/2021 21:45,31,martes,21
09/11/2021 22:00,38,martes,22
09/11/2021 22:15,41,martes,22
09/11/2021 22:30,19,martes,22
09/11/2021 22:45,23,martes,22
09/11/2021 23:00,7,martes,23
09/11/2021 23:15,19,martes,23
09/11/2021 23:30,10,martes,23
09/11/2021 23:45,6,martes,23
10/11/2021 00:00,6,miércoles,0
10/11/2021 00:15,1,miércoles,0
10/11/2021 00:45,5,miércoles,0
10/11/2021 01:00,4,miércoles,1
10/11/2021 01:15,6,miércoles,1
10/11/2021 01:30,1,miércoles,1
10/11/2021 04:45,2,miércoles,4
10/11/2021 05:00,6,miércoles,5
10/11/2021 06:00,1,miércoles,6
10/11/2021 06:15,8,miércoles,6
10/11/2021 06:30,2,miércoles,6
10/11/2021 06:45,15,miércoles,6
10/11/2021 07:00,18,miércoles,7
10/11/2021 07:15,44,miércoles,7
10/11/2021 07:30,35,miércoles,7
10/11/2021 07:45,32,miércoles,7
10/11/2021 08:00,30,miércoles,8
10/11/2021 08:15,71,miércoles,8
10/11/2021 08:30,30,miércoles,8
10/11/2021 08:45,29,miércoles,8
10/11/2021 09:00,57,miércoles,9
10/11/2021 09:15,50,miércoles,9
10/11/2021 09:30,45,miércoles,9
10/11/2021 09:45,29,miércoles,9
10/11/2021 10:00,25,miércoles,10
10/11/2021 10:15,22,miércoles,10
10/11/2021 10:30,19,miércoles,10
10/11/2021 10:45,39,miércoles,10
10/11/2021 11:00,30,miércoles,11
10/11/2021 11:15,40,miércoles,11
10/11/2021 11:30,35,miércoles,11
10/11/2021 11:45,37,miércoles,11
10/11/2021 12:00,22,miércoles,12
10/11/2021 12:15,26,miércoles,12
10/11/2021 12:30,36,miércoles,12
10/11/2021 12:45,27,miércoles,12
10/11/2021 13:00,16,miércoles,13
10/11/2021 13:15,28,miércoles,13
10/11/2021 13:30,39,miércoles,13
10/11/2021 13:45,28,miércoles,13
10/11/2021 14:00,46,miércoles,14
10/11/2021 14:15,18,miércoles,14
10/11/2021 14:30,36,miércoles,14
10/11/2021 14:45,18,miércoles,14
10/11/2021 15:00,54,miércoles,15
10/11/2021 15:15,41,miércoles,15
10/11/2021 15:30,32,miércoles,15
10/11/2021 15:45,32,miércoles,15
10/11/2021 16:00,39,miércoles,16
10/11/2021 16:15,24,miércoles,16
10/11/2021 16:30,39,miércoles,16
10/11/2021 16:45,12,miércoles,16
10/11/2021 17:00,43,miércoles,17
10/11/2021 17:15,19,miércoles,17
10/11/2021 17:30,42,miércoles,17
10/11/2021 17:45,32,miércoles,17
10/11/2021 18:00,42,miércoles,18
10/11/2021 18:15,41,miércoles,18
10/11/2021 18:30,32,miércoles,18
10/11/2021 18:45,14,miércoles,18
10/11/2021 19:00,35,miércoles,19
10/11/2021 19:15,59,miércoles,19
10/11/2021 19:30,20,miércoles,19
10/11/2021 19:45,78,miércoles,19
10/11/2021 20:00,46,miércoles,20
10/11/2021 20:15,67,miércoles,20
10/11/2021 20:30,61,miércoles,20
10/11/2021 20:45,44,miércoles,20
10/11/2021 21:00,23,miércoles,21
10/11/2021 21:15,16,miércoles,21
10/11/2021 21:30,44,miércoles,21
10/11/2021 21:45,17,miércoles,21
10/11/2021 22:00,23,miércoles,22
10/11/2021 22:15,37,miércoles,22
10/11/2021 22:30,13,miércoles,22
10/11/2021 22:45,42,miércoles,22
10/11/2021 23:00,35,miércoles,23
10/11/2021 23:15,31,miércoles,23
10/11/2021 23:30,9,miércoles,23
10/11/2021 23:45,13,miércoles,23
11/11/2021 00:00,22,jueves,0
11/11/2021 00:15,24,jueves,0
11/11/2021 00:30,5,jueves,0
11/11/2021 00:45,10,jueves,0
11/11/2021 01:00,9,jueves,1
11/11/2021 01:15,7,jueves,1
11/11/2021 01:30,6,jueves,1
11/11/2021 01:45,2,jueves,1
11/11/2021 02:00,1,jueves,2
11/11/2021 02:30,2,jueves,2
11/11/2021 02:45,7,jueves,2
11/11/2021 03:45,2,jueves,3
11/11/2021 04:00,1,jueves,4
11/11/2021 04:30,4,jueves,4
11/11/2021 06:00,5,jueves,6
11/11/2021 06:15,4,jueves,6
11/11/2021 06:30,5,jueves,6
11/11/2021 06:45,22,jueves,6
11/11/2021 07:00,29,jueves,7
11/11/2021 07:15,35,jueves,7
11/11/2021 07:30,44,jueves,7
11/11/2021 07:45,55,jueves,7
11/11/2021 08:00,14,jueves,8
11/11/2021 08:15,49,jueves,8
11/11/2021 08:30,37,jueves,8
11/11/2021 08:45,40,jueves,8
11/11/2021 09:00,36,jueves,9
11/11/2021 09:15,48,jueves,9
11/11/2021 09:30,31,jueves,9
11/11/2021 09:45,41,jueves,9
11/11/2021 10:00,37,jueves,10
11/11/2021 10:15,39,jueves,10
11/11/2021 10:30,30,jueves,10
11/11/2021 10:45,36,jueves,10
11/11/2021 11:00,16,jueves,11
11/11/2021 11:15,41,jueves,11
11/11/2021 11:30,26,jueves,11
11/11/2021 11:45,30,jueves,11
11/11/2021 12:00,57,jueves,12
11/11/2021 12:15,35,jueves,12
11/11/2021 12:30,46,jueves,12
11/11/2021 12:45,16,jueves,12
11/11/2021 13:00,30,jueves,13
11/11/2021 13:15,37,jueves,13
11/11/2021 13:30,25,jueves,13
11/11/2021 13:45,27,jueves,13
11/11/2021 14:00,42,jueves,14
11/11/2021 14:15,39,jueves,14
11/11/2021 14:30,47,jueves,14
11/11/2021 14:45,49,jueves,14
11/11/2021 15:00,10,jueves,15
11/11/2021 15:15,31,jueves,15
11/11/2021 15:30,31,jueves,15
11/11/2021 15:45,31,jueves,15
11/11/2021 16:00,28,jueves,16
11/11/2021 16:15,30,jueves,16
11/11/2021 16:30,29,jueves,16
11/11/2021 16:45,23,jueves,16
11/11/2021 17:00,16,jueves,17
11/11/2021 17:15,33,jueves,17
11/11/2021 17:30,22,jueves,17
11/11/2021 17:45,56,jueves,17
11/11/2021 18:00,34,jueves,18
11/11/2021 18:15,40,jueves,18
11/11/2021 18:30,29,jueves,18
11/11/2021 18:45,38,jueves,18
11/11/2021 19:00,70,jueves,19
11/11/2021 19:15,46,jueves,19
11/11/2021 19:30,38,jueves,19
11/11/2021 19:45,77,jueves,19
11/11/2021 20:00,40,jueves,20
11/11/2021 20:15,58,jueves,20
11/11/2021 20:30,64,jueves,20
11/11/2021 20:45,69,jueves,20
11/11/2021 21:00,60,jueves,21
11/11/2021 21:15,46,jueves,21
11/11/2021 21:30,30,jueves,21
11/11/2021 21:45,21,jueves,21
11/11/2021 22:00,35,jueves,22
11/11/2021 22:15,24,jueves,22
11/11/2021 22:30,18,jueves,22
11/11/2021 22:45,32,jueves,22
11/11/2021 23:00,25,jueves,23
11/11/2021 23:15,30,jueves,23
11/11/2021 23:30,15,jueves,23
11/11/2021 23:45,4,jueves,23
12/11/2021 00:00,2,viernes,0
12/11/2021 00:15,5,viernes,0
12/11/2021 00:30,8,viernes,0
12/11/2021 00:45,1,viernes,0
12/11/2021 01:00,4,viernes,1
12/11/2021 01:15,4,viernes,1
12/11/2021 01:30,6,viernes,1
12/11/2021 01:45,1,viernes,1
12/11/2021 02:15,5,viernes,2
12/11/2021 02:30,3,viernes,2
12/11/2021 03:00,4,viernes,3
12/11/2021 03:30,2,viernes,3
12/11/2021 04:00,3,viernes,4
12/11/2021 04:30,2,viernes,4
12/11/2021 04:45,7,viernes,4
12/11/2021 05:15,4,viernes,5
12/11/2021 06:15,17,viernes,6
12/11/2021 06:45,26,viernes,6
12/11/2021 07:00,26,viernes,7
12/11/2021 07:15,15,viernes,7
12/11/2021 07:30,42,viernes,7
12/11/2021 07:45,26,viernes,7
12/11/2021 09:30,41,viernes,9
12/11/2021 09:45,46,viernes,9
12/11/2021 10:00,28,viernes,10
12/11/2021 10:15,34,viernes,10
12/11/2021 10:30,32,viernes,10
12/11/2021 10:45,56,viernes,10
12/11/2021 11:00,19,viernes,11
12/11/2021 11:15,35,viernes,11
12/11/2021 11:30,32,viernes,11
12/11/2021 11:45,6,viernes,11
12/11/2021 13:30,9,viernes,13
12/11/2021 13:45,32,viernes,13
12/11/2021 14:00,28,viernes,14
12/11/2021 14:15,29,viernes,14
12/11/2021 14:30,31,viernes,14
12/11/2021 14:45,30,viernes,14
12/11/2021 15:00,25,viernes,15
12/11/2021 15:15,19,viernes,15
12/11/2021 15:30,38,viernes,15
12/11/2021 15:45,28,viernes,15
12/11/2021 16:00,36,viernes,16
12/11/2021 16:15,32,viernes,16
12/11/2021 16:30,29,viernes,16
12/11/2021 16:45,26,viernes,16
12/11/2021 17:00,51,viernes,17
12/11/2021 17:15,36,viernes,17
12/11/2021 17:30,31,viernes,17
12/11/2021 17:45,24,viernes,17
12/11/2021 18:00,21,viernes,18
12/11/2021 18:15,21,viernes,18
12/11/2021 18:30,35,viernes,18
12/11/2021 18:45,39,viernes,18
12/11/2021 19:00,35,viernes,19
12/11/2021 19:15,33,viernes,19
12/11/2021 19:30,43,viernes,19
12/11/2021 19:45,68,viernes,19
12/11/2021 20:00,62,viernes,20
12/11/2021 20:15,63,viernes,20
12/11/2021 20:30,73,viernes,20
12/11/2021 20:45,34,viernes,20
12/11/2021 21:00,48,viernes,21
12/11/2021 21:15,45,viernes,21
12/11/2021 21:30,38,viernes,21
12/11/2021 21:45,25,viernes,21
12/11/2021 22:00,52,viernes,22
12/11/2021 22:15,20,viernes,22
12/11/2021 22:30,24,viernes,22
12/11/2021 22:45,30,viernes,22
12/11/2021 23:00,14,viernes,23
12/11/2021 23:15,27,viernes,23
12/11/2021 23:30,17,viernes,23
12/11/2021 23:45,13,viernes,23
13/11/2021 00:00,6,sábado,0
13/11/2021 00:15,4,sábado,0
13/11/2021 00:30,10,sábado,0
13/11/2021 00:45,6,sábado,0
13/11/2021 01:00,9,sábado,1
13/11/2021 01:15,6,sábado,1
13/11/2021 01:30,4,sábado,1
13/11/2021 01:45,3,sábado,1
13/11/2021 02:00,2,sábado,2
13/11/2021 02:15,2,sábado,2
13/11/2021 02:30,2,sábado,2
13/11/2021 02:45,3,sábado,2
13/11/2021 03:15,4,sábado,3
13/11/2021 03:30,2,sábado,3
13/11/2021 03:45,2,sábado,3
13/11/2021 04:15,2,sábado,4
13/11/2021 04:45,8,sábado,4
13/11/2021 05:15,9,sábado,5
13/11/2021 05:30,2,sábado,5
13/11/2021 06:15,4,sábado,6
13/11/2021 06:45,13,sábado,6
13/11/2021 07:00,42,sábado,7
13/11/2021 07:15,24,sábado,7
13/11/2021 07:30,31,sábado,7
13/11/2021 07:45,38,sábado,7
13/11/2021 08:00,51,sábado,8
13/11/2021 08:15,32,sábado,8
13/11/2021 08:30,50,sábado,8
13/11/2021 08:45,59,sábado,8
13/11/2021 09:00,53,sábado,9
13/11/2021 09:15,42,sábado,9
13/11/2021 09:30,37,sábado,9
13/11/2021 09:45,24,sábado,9
13/11/2021 10:00,41,sábado,10
13/11/2021 10:15,39,sábado,10
13/11/2021 10:30,28,sábado,10
13/11/2021 10:45,31,sábado,10
13/11/2021 11:00,24,sábado,11
13/11/2021 11:15,28,sábado,11
13/11/2021 11:30,26,sábado,11
13/11/2021 11:45,10,sábado,11
13/11/2021 12:00,14,sábado,12
13/11/2021 12:15,36,sábado,12
13/11/2021 12:30,43,sábado,12
13/11/2021 12:45,24,sábado,12
13/11/2021 13:00,23,sábado,13
13/11/2021 13:15,28,sábado,13
13/11/2021 13:30,37,sábado,13
13/11/2021 13:45,40,sábado,13
13/11/2021 14:00,35,sábado,14
13/11/2021 14:15,29,sábado,14
13/11/2021 14:30,40,sábado,14
13/11/2021 14:45,21,sábado,14
13/11/2021 15:00,34,sábado,15
13/11/2021 15:15,27,sábado,15
13/11/2021 15:30,68,sábado,15
13/11/2021 15:45,35,sábado,15
13/11/2021 16:00,33,sábado,16
13/11/2021 16:15,26,sábado,16
13/11/2021 16:30,30,sábado,16
13/11/2021 16:45,16,sábado,16
13/11/2021 17:00,37,sábado,17
13/11/2021 17:15,27,sábado,17
13/11/2021 17:30,32,sábado,17
13/11/2021 17:45,35,sábado,17
13/11/2021 18:00,56,sábado,18
13/11/2021 18:15,48,sábado,18
13/11/2021 18:30,31,sábado,18
13/11/2021 18:45,35,sábado,18
13/11/2021 19:00,40,sábado,19
13/11/2021 19:15,32,sábado,19
13/11/2021 19:30,24,sábado,19
13/11/2021 19:45,50,sábado,19
13/11/2021 20:00,61,sábado,20
13/11/2021 20:15,69,sábado,20
13/11/2021 20:30,57,sábado,20
13/11/2021 20:45,38,sábado,20
13/11/2021 21:00,42,sábado,21
13/11/2021 21:15,49,sábado,21
13/11/2021 21:30,38,sábado,21
13/11/2021 21:45,30,sábado,21
13/11/2021 22:00,51,sábado,22
13/11/2021 22:15,43,sábado,22
13/11/2021 22:30,27,sábado,22
13/11/2021 22:45,33,sábado,22
13/11/2021 23:00,38,sábado,23
13/11/2021 23:15,33,sábado,23
13/11/2021 23:30,28,sábado,23
13/11/2021 23:45,29,sábado,23
14/11/2021 00:00,12,domingo,0
14/11/2021 00:15,7,domingo,0
14/11/2021 00:30,11,domingo,0
14/11/2021 00:45,6,domingo,0
14/11/2021 01:00,10,domingo,1
14/11/2021 01:15,9,domingo,1
14/11/2021 01:30,7,domingo,1
14/11/2021 01:45,15,domingo,1
14/11/2021 02:00,6,domingo,2
14/11/2021 02:15,3,domingo,2
14/11/2021 02:45,11,domingo,2
14/11/2021 03:00,5,domingo,3
14/11/2021 03:15,12,domingo,3
14/11/2021 03:30,10,domingo,3
14/11/2021 03:45,14,domingo,3
14/11/2021 04:15,6,domingo,4
14/11/2021 04:30,2,domingo,4
14/11/2021 04:45,5,domingo,4
14/11/2021 05:15,3,domingo,5
14/11/2021 05:30,1,domingo,5
14/11/2021 05:45,1,domingo,5
14/11/2021 06:00,1,domingo,6
14/11/2021 06:15,1,domingo,6
14/11/2021 06:30,11,domingo,6
14/11/2021 06:45,19,domingo,6
14/11/2021 07:00,8,domingo,7
14/11/2021 07:15,26,domingo,7
14/11/2021 07:30,23,domingo,7
14/11/2021 07:45,50,domingo,7
14/11/2021 08:00,25,domingo,8
14/11/2021 08:15,42,domingo,8
14/11/2021 08:30,28,domingo,8
14/11/2021 08:45,50,domingo,8
14/11/2021 09:00,37,domingo,9
14/11/2021 09:15,58,domingo,9
14/11/2021 09:30,27,domingo,9
14/11/2021 09:45,36,domingo,9
14/11/2021 10:00,43,domingo,10
14/11/2021 10:15,32,domingo,10
14/11/2021 10:30,36,domingo,10
14/11/2021 10:45,28,domingo,10
14/11/2021 11:00,21,domingo,11
14/11/2021 11:15,45,domingo,11
14/11/2021 11:30,30,domingo,11
14/11/2021 11:45,27,domingo,11
14/11/2021 12:00,35,domingo,12
14/11/2021 12:15,30,domingo,12
14/11/2021 12:30,40,domingo,12
14/11/2021 12:45,66,domingo,12
14/11/2021 13:00,20,domingo,13
14/11/2021 13:15,15,domingo,13
14/11/2021 13:30,39,domingo,13
14/11/2021 13:45,41,domingo,13
14/11/2021 14:00,33,domingo,14
14/11/2021 14:15,35,domingo,14
14/11/2021 14:30,51,domingo,14
14/11/2021 14:45,38,domingo,14
14/11/2021 15:00,30,domingo,15
14/11/2021 15:15,46,domingo,15
14/11/2021 15:30,38,domingo,15
14/11/2021 15:45,55,domingo,15
14/11/2021 16:00,56,domingo,16
14/11/2021 16:15,41,domingo,16
14/11/2021 16:30,53,domingo,16
14/11/2021 16:45,28,domingo,16
14/11/2021 17:00,73,domingo,17
14/11/2021 17:15,30,domingo,17
14/11/2021 17:30,22,domingo,17
14/11/2021 17:45,38,domingo,17
14/11/2021 18:00,62,domingo,18
14/11/2021 18:15,15,domingo,18
14/11/2021 18:30,64,domingo,18
14/11/2021 18:45,46,domingo,18
14/11/2021 19:00,47,domingo,19
14/11/2021 19:15,30,domingo,19
14/11/2021 19:30,54,domingo,19
14/11/2021 19:45,29,domingo,19
14/11/2021 20:00,42,domingo,20
14/11/2021 20:15,76,domingo,20
14/11/2021 20:30,35,domingo,20
14/11/2021 20:45,11,domingo,20
14/11/2021 21:00,34,domingo,21
14/11/2021 21:15,31,domingo,21
14/11/2021 21:30,24,domingo,21
14/11/2021 21:45,28,domingo,21
14/11/2021 22:00,18,domingo,22
14/11/2021 22:15,18,domingo,22
14/11/2021 22:30,25,domingo,22
14/11/2021 22:45,33,domingo,22
14/11/2021 23:00,17,domingo,23
14/11/2021 23:15,21,domingo,23
14/11/2021 23:30,24,domingo,23
14/11/2021 23:45,26,domingo,23
15/11/2021 00:00,12,lunes,0
15/11/2021 00:15,7,lunes,0
15/11/2021 00:30,27,lunes,0
15/11/2021 00:45,19,lunes,0
15/11/2021 01:00,15,lunes,1
15/11/2021 01:15,11,lunes,1
15/11/2021 01:30,14,lunes,1
15/11/2021 01:45,5,lunes,1
15/11/2021 02:00,1,lunes,2
15/11/2021 02:15,9,lunes,2
15/11/2021 02:30,3,lunes,2
15/11/2021 02:45,1,lunes,2
15/11/2021 03:00,8,lunes,3
15/11/2021 03:15,8,lunes,3
15/11/2021 03:30,4,lunes,3
15/11/2021 03:45,1,lunes,3
15/11/2021 04:00,14,lunes,4
15/11/2021 04:15,17,lunes,4
15/11/2021 04:30,1,lunes,4
15/11/2021 04:45,4,lunes,4
15/11/2021 05:00,7,lunes,5
15/11/2021 05:15,4,lunes,5
15/11/2021 05:30,7,lunes,5
15/11/2021 06:00,6,lunes,6
15/11/2021 06:15,2,lunes,6
15/11/2021 06:30,11,lunes,6
15/11/2021 06:45,1,lunes,6
15/11/2021 07:00,22,lunes,7
15/11/2021 07:15,7,lunes,7
15/11/2021 07:30,4,lunes,7
15/11/2021 07:45,25,lunes,7
15/11/2021 08:00,14,lunes,8
15/11/2021 08:15,7,lunes,8
15/11/2021 08:30,5,lunes,8
15/11/2021 08:45,17,lunes,8
15/11/2021 09:00,14,lunes,9
15/11/2021 09:15,32,lunes,9
15/11/2021 09:30,24,lunes,9
15/11/2021 09:45,53,lunes,9
15/11/2021 10:00,40,lunes,10
15/11/2021 10:15,45,lunes,10
15/11/2021 10:30,60,lunes,10
15/11/2021 10:45,24,lunes,10
15/11/2021 11:00,26,lunes,11
15/11/2021 11:15,26,lunes,11
15/11/2021 11:30,23,lunes,11
15/11/2021 11:45,66,lunes,11
15/11/2021 12:00,39,lunes,12
15/11/2021 12:15,15,lunes,12
15/11/2021 12:30,28,lunes,12
15/11/2021 12:45,23,lunes,12
15/11/2021 13:00,38,lunes,13
15/11/2021 13:15,48,lunes,13
15/11/2021 13:30,57,lunes,13
15/11/2021 13:45,35,lunes,13
15/11/2021 14:00,54,lunes,14
15/11/2021 14:15,41,lunes,14
15/11/2021 14:30,44,lunes,14
15/11/2021 14:45,38,lunes,14
15/11/2021 15:00,30,lunes,15
15/11/2021 15:15,50,lunes,15
15/11/2021 15:30,48,lunes,15
15/11/2021 15:45,42,lunes,15
15/11/2021 16:00,30,lunes,16
15/11/2021 16:15,47,lunes,16
15/11/2021 16:30,66,lunes,16
15/11/2021 16:45,27,lunes,16
15/11/2021 17:00,21,lunes,17
15/11/2021 17:15,34,lunes,17
15/11/2021 17:30,50,lunes,17
15/11/2021 17:45,35,lunes,17
15/11/2021 18:00,45,lunes,18
15/11/2021 18:15,10,lunes,18
15/11/2021 18:30,29,lunes,18
15/11/2021 18:45,35,lunes,18
15/11/2021 19:00,33,lunes,19
15/11/2021 19:15,26,lunes,19
15/11/2021 19:30,35,lunes,19
15/11/2021 19:45,29,lunes,19
15/11/2021 20:00,20,lunes,20
15/11/2021 20:15,37,lunes,20
15/11/2021 20:30,59,lunes,20
15/11/2021 20:45,23,lunes,20
15/11/2021 21:00,30,lunes,21
15/11/2021 21:15,36,lunes,21
15/11/2021 21:30,4,lunes,21
15/11/2021 21:45,33,lunes,21
15/11/2021 22:00,32,lunes,22
15/11/2021 22:15,27,lunes,22
15/11/2021 22:30,31,lunes,22
15/11/2021 22:45,21,lunes,22
15/11/2021 23:00,22,lunes,23
15/11/2021 23:15,8,lunes,23
15/11/2021 23:30,16,lunes,23
15/11/2021 23:45,6,lunes,23
16/11/2021 00:00,17,martes,0
16/11/2021 00:15,12,martes,0
16/11/2021 00:30,5,martes,0
16/11/2021 00:45,8,martes,0
16/11/2021 01:00,2,martes,1
16/11/2021 01:15,9,martes,1
16/11/2021 01:30,8,martes,1
16/11/2021 01:45,14,martes,1
16/11/2021 02:00,3,martes,2
16/11/2021 02:30,1,martes,2
16/11/2021 02:45,12,martes,2
16/11/2021 03:00,7,martes,3
16/11/2021 03:45,1,martes,3
16/11/2021 04:45,4,martes,4
16/11/2021 05:00,5,martes,5
16/11/2021 06:15,8,martes,6
16/11/2021 06:30,5,martes,6
16/11/2021 06:45,4,martes,6
16/11/2021 07:00,25,martes,7
16/11/2021 07:15,26,martes,7
16/11/2021 07:30,20,martes,7
16/11/2021 07:45,27,martes,7
16/11/2021 08:00,11,martes,8
16/11/2021 08:15,40,martes,8
16/11/2021 08:30,24,martes,8
16/11/2021 08:45,27,martes,8
16/11/2021 09:00,44,martes,9
16/11/2021 09:15,38,martes,9
16/11/2021 09:30,30,martes,9
16/11/2021 09:45,51,martes,9
16/11/2021 10:00,49,martes,10
16/11/2021 10:15,26,martes,10
16/11/2021 10:30,24,martes,10
16/11/2021 10:45,47,martes,10
16/11/2021 11:00,27,martes,11
16/11/2021 11:15,29,martes,11
16/11/2021 11:30,26,martes,11
16/11/2021 11:45,22,martes,11
16/11/2021 12:00,18,martes,12
16/11/2021 12:15,55,martes,12
16/11/2021 12:30,21,martes,12
16/11/2021 12:45,38,martes,12
16/11/2021 13:00,31,martes,13
16/11/2021 13:15,28,martes,13
16/11/2021 13:30,19,martes,13
16/11/2021 13:45,15,martes,13
16/11/2021 14:00,25,martes,14
16/11/2021 14:15,44,martes,14
16/11/2021 14:30,23,martes,14
16/11/2021 14:45,25,martes,14
16/11/2021 15:00,19,martes,15
16/11/2021 15:15,60,martes,15
16/11/2021 15:30,9,martes,15
16/11/2021 15:45,31,martes,15
16/11/2021 16:00,35,martes,16
16/11/2021 16:15,56,martes,16
16/11/2021 16:30,43,martes,16
16/11/2021 16:45,33,martes,16
16/11/2021 17:00,36,martes,17
16/11/2021 17:15,26,martes,17
16/11/2021 17:30,36,martes,17
16/11/2021 17:45,46,martes,17
16/11/2021 18:00,32,martes,18
16/11/2021 18:15,27,martes,18
16/11/2021 18:30,29,martes,18
16/11/2021 18:45,49,martes,18
16/11/2021 19:00,9,martes,19
16/11/2021 19:15,28,martes,19
16/11/2021 19:30,25,martes,19
16/11/2021 19:45,31,martes,19
16/11/2021 20:00,26,martes,20
16/11/2021 20:15,25,martes,20
16/11/2021 20:30,31,martes,20
16/11/2021 20:45,37,martes,20
16/11/2021 21:00,25,martes,21
16/11/2021 21:15,50,martes,21
16/11/2021 21:30,25,martes,21
16/11/2021 21:45,17,martes,21
16/11/2021 22:00,25,martes,22
16/11/2021 22:15,36,martes,22
16/11/2021 22:30,34,martes,22
16/11/2021 22:45,9,martes,22
16/11/2021 23:00,14,martes,23
16/11/2021 23:15,17,martes,23
16/11/2021 23:30,14,martes,23
16/11/2021 23:45,22,martes,23
17/11/2021 00:00,3,miércoles,0
17/11/2021 00:15,1,miércoles,0
17/11/2021 00:30,4,miércoles,0
17/11/2021 00:45,8,miércoles,0
17/11/2021 01:00,5,miércoles,1
17/11/2021 01:15,4,miércoles,1
17/11/2021 01:30,3,miércoles,1
17/11/2021 01:45,2,miércoles,1
17/11/2021 02:00,1,miércoles,2
17/11/2021 02:15,2,miércoles,2
17/11/2021 02:45,5,miércoles,2
17/11/2021 03:00,1,miércoles,3
17/11/2021 03:15,1,miércoles,3
17/11/2021 03:45,8,miércoles,3
17/11/2021 04:00,1,miércoles,4
17/11/2021 04:15,7,miércoles,4
17/11/2021 05:00,4,miércoles,5
17/11/2021 05:15,2,miércoles,5
17/11/2021 05:45,2,miércoles,5
17/11/2021 06:15,7,miércoles,6
17/11/2021 06:30,8,miércoles,6
17/11/2021 06:45,10,miércoles,6
17/11/2021 07:00,14,miércoles,7
17/11/2021 07:15,15,miércoles,7
17/11/2021 07:30,49,miércoles,7
17/11/2021 07:45,33,miércoles,7
17/11/2021 08:00,41,miércoles,8
17/11/2021 08:15,79,miércoles,8
17/11/2021 08:30,45,miércoles,8
17/11/2021 08:45,71,miércoles,8
17/11/2021 09:00,49,miércoles,9
17/11/2021 09:15,68,miércoles,9
17/11/2021 09:30,40,miércoles,9
17/11/2021 09:45,49,miércoles,9
17/11/2021 10:00,61,miércoles,10
17/11/2021 10:15,27,miércoles,10
17/11/2021 10:30,30,miércoles,10
17/11/2021 10:45,37,miércoles,10
17/11/2021 11:00,33,miércoles,11
17/11/2021 11:15,26,miércoles,11
17/11/2021 11:30,34,miércoles,11
17/11/2021 11:45,16,miércoles,11
17/11/2021 12:00,22,miércoles,12
17/11/2021 12:15,49,miércoles,12
17/11/2021 12:30,36,miércoles,12
17/11/2021 12:45,41,miércoles,12
17/11/2021 13:00,41,miércoles,13
17/11/2021 13:15,44,miércoles,13
17/11/2021 13:30,33,miércoles,13
17/11/2021 13:45,35,miércoles,13
17/11/2021 14:00,39,miércoles,14
17/11/2021 14:15,23,miércoles,14
17/11/2021 14:30,39,miércoles,14
17/11/2021 14:45,41,miércoles,14
17/11/2021 15:00,34,miércoles,15
17/11/2021 15:15,28,miércoles,15
17/11/2021 15:30,30,miércoles,15
17/11/2021 15:45,18,miércoles,15
17/11/2021 16:00,48,miércoles,16
17/11/2021 16:15,26,miércoles,16
17/11/2021 16:30,47,miércoles,16
17/11/2021 16:45,25,miércoles,16
17/11/2021 17:00,23,miércoles,17
17/11/2021 17:15,20,miércoles,17
17/11/2021 17:30,59,miércoles,17
17/11/2021 17:45,18,miércoles,17
17/11/2021 18:00,48,miércoles,18
17/11/2021 18:15,27,miércoles,18
17/11/2021 18:30,29,miércoles,18
17/11/2021 18:45,41,miércoles,18
17/11/2021 19:00,49,miércoles,19
17/11/2021 19:15,32,miércoles,19
17/11/2021 19:30,51,miércoles,19
17/11/2021 19:45,42,miércoles,19
17/11/2021 20:00,47,miércoles,20
17/11/2021 20:15,57,miércoles,20
17/11/2021 20:30,56,miércoles,20
17/11/2021 20:45,31,miércoles,20
17/11/2021 21:00,47,miércoles,21
17/11/2021 21:15,34,miércoles,21
17/11/2021 21:30,52,miércoles,21
17/11/2021 21:45,22,miércoles,21
17/11/2021 22:00,51,miércoles,22
17/11/2021 22:15,8,miércoles,22
17/11/2021 22:30,39,miércoles,22
17/11/2021 22:45,11,miércoles,22
17/11/2021 23:00,22,miércoles,23
17/11/2021 23:15,13,miércoles,23
17/11/2021 23:30,17,miércoles,23
17/11/2021 23:45,12,miércoles,23
18/11/2021 00:00,8,jueves,0
18/11/2021 00:15,6,jueves,0
18/11/2021 00:30,7,jueves,0
18/11/2021 00:45,6,jueves,0
18/11/2021 01:00,6,jueves,1
18/11/2021 01:15,3,jueves,1
18/11/2021 01:30,9,jueves,1
18/11/2021 02:00,7,jueves,2
18/11/2021 02:15,1,jueves,2
18/11/2021 02:30,2,jueves,2
18/11/2021 02:45,1,jueves,2
18/11/2021 03:15,8,jueves,3
18/11/2021 04:15,1,jueves,4
18/11/2021 04:45,2,jueves,4
18/11/2021 05:00,13,jueves,5
18/11/2021 06:00,3,jueves,6
18/11/2021 06:15,1,jueves,6
18/11/2021 06:30,2,jueves,6
18/11/2021 06:45,11,jueves,6
18/11/2021 07:00,19,jueves,7
18/11/2021 07:15,27,jueves,7
18/11/2021 07:30,49,jueves,7
18/11/2021 07:45,29,jueves,7
18/11/2021 08:00,55,jueves,8
18/11/2021 08:15,34,jueves,8
18/11/2021 08:30,70,jueves,8
18/11/2021 08:45,24,jueves,8
18/11/2021 09:00,34,jueves,9
18/11/2021 09:15,42,jueves,9
18/11/2021 09:30,36,jueves,9
18/11/2021 09:45,26,jueves,9
18/11/2021 10:00,33,jueves,10
18/11/2021 10:15,54,jueves,10
18/11/2021 10:30,31,jueves,10
18/11/2021 10:45,59,jueves,10
18/11/2021 11:00,23,jueves,11
18/11/2021 11:15,16,jueves,11
18/11/2021 11:30,49,jueves,11
18/11/2021 11:45,33,jueves,11
18/11/2021 12:00,43,jueves,12
18/11/2021 12:15,44,jueves,12
18/11/2021 12:30,25,jueves,12
18/11/2021 12:45,20,jueves,12
18/11/2021 13:00,15,jueves,13
18/11/2021 13:15,29,jueves,13
18/11/2021 13:30,27,jueves,13
18/11/2021 13:45,42,jueves,13
18/11/2021 14:00,23,jueves,14
18/11/2021 14:15,35,jueves,14
18/11/2021 14:30,26,jueves,14
18/11/2021 14:45,20,jueves,14
18/11/2021 15:00,73,jueves,15
18/11/2021 15:15,24,jueves,15
18/11/2021 15:30,23,jueves,15
18/11/2021 15:45,16,jueves,15
18/11/2021 16:00,40,jueves,16
18/11/2021 16:15,51,jueves,16
18/11/2021 16:30,16,jueves,16
18/11/2021 16:45,25,jueves,16
18/11/2021 17:00,26,jueves,17
18/11/2021 17:15,24,jueves,17
18/11/2021 17:30,22,jueves,17
18/11/2021 17:45,40,jueves,17
18/11/2021 18:00,29,jueves,18
18/11/2021 18:15,48,jueves,18
18/11/2021 18:30,26,jueves,18
18/11/2021 18:45,31,jueves,18
18/11/2021 19:00,69,jueves,19
18/11/2021 19:15,34,jueves,19
18/11/2021 19:30,38,jueves,19
18/11/2021 19:45,21,jueves,19
18/11/2021 20:00,61,jueves,20
18/11/2021 20:15,33,jueves,20
18/11/2021 20:30,67,jueves,20
18/11/2021 20:45,38,jueves,20
18/11/2021 21:00,47,jueves,21
18/11/2021 21:15,27,jueves,21
18/11/2021 21:30,19,jueves,21
18/11/2021 21:45,32,jueves,21
18/11/2021 22:00,42,jueves,22
18/11/2021 22:15,10,jueves,22
18/11/2021 22:30,40,jueves,22
18/11/2021 22:45,25,jueves,22
18/11/2021 23:00,15,jueves,23
18/11/2021 23:15,12,jueves,23
18/11/2021 23:30,11,jueves,23
18/11/2021 23:45,11,jueves,23
19/11/2021 00:00,11,viernes,0
19/11/2021 00:15,1,viernes,0
19/11/2021 00:30,7,viernes,0
19/11/2021 00:45,3,viernes,0
19/11/2021 01:00,9,viernes,1
19/11/2021 01:15,4,viernes,1
19/11/2021 02:00,5,viernes,2
19/11/2021 02:15,10,viernes,2
19/11/2021 02:45,2,viernes,2
19/11/2021 03:15,1,viernes,3
19/11/2021 04:00,1,viernes,4
19/11/2021 04:30,6,viernes,4
19/11/2021 06:00,5,viernes,6
19/11/2021 06:15,2,viernes,6
19/11/2021 06:30,3,viernes,6
19/11/2021 06:45,35,viernes,6
19/11/2021 07:00,17,viernes,7
19/11/2021 07:15,35,viernes,7
19/11/2021 07:30,17,viernes,7
19/11/2021 07:45,36,viernes,7
19/11/2021 08:00,51,viernes,8
19/11/2021 08:15,29,viernes,8
19/11/2021 08:30,56,viernes,8
19/11/2021 08:45,33,viernes,8
19/11/2021 09:00,42,viernes,9
19/11/2021 09:15,68,viernes,9
19/11/2021 09:30,42,viernes,9
19/11/2021 09:45,45,viernes,9
19/11/2021 10:00,36,viernes,10
19/11/2021 10:15,51,viernes,10
19/11/2021 10:30,23,viernes,10
19/11/2021 10:45,40,viernes,10
19/11/2021 11:00,21,viernes,11
19/11/2021 11:15,32,viernes,11
19/11/2021 11:30,32,viernes,11
19/11/2021 11:45,41,viernes,11
19/11/2021 12:00,15,viernes,12
19/11/2021 12:15,23,viernes,12
19/11/2021 12:30,27,viernes,12
19/11/2021 12:45,36,viernes,12
19/11/2021 13:00,36,viernes,13
19/11/2021 13:15,49,viernes,13
19/11/2021 13:30,49,viernes,13
19/11/2021 13:45,44,viernes,13
19/11/2021 14:00,41,viernes,14
19/11/2021 14:15,44,viernes,14
19/11/2021 14:30,36,viernes,14
19/11/2021 14:45,20,viernes,14
19/11/2021 15:00,29,viernes,15
19/11/2021 15:15,43,viernes,15
19/11/2021 15:30,41,viernes,15
19/11/2021 15:45,32,viernes,15
19/11/2021 16:00,42,viernes,16
19/11/2021 16:15,26,viernes,16
19/11/2021 16:30,30,viernes,16
19/11/2021 16:45,41,viernes,16
19/11/2021 17:00,58,viernes,17
19/11/2021 17:15,29,viernes,17
19/11/2021 17:30,28,viernes,17
19/11/2021 17:45,19,viernes,17
19/11/2021 18:00,37,viernes,18
19/11/2021 18:15,49,viernes,18
19/11/2021 18:30,26,viernes,18
19/11/2021 18:45,37,viernes,18
19/11/2021 19:00,37,viernes,19
19/11/2021 19:15,61,viernes,19
19/11/2021 19:30,69,viernes,19
19/11/2021 19:45,49,viernes,19
19/11/2021 20:00,23,viernes,20
19/11/2021 20:15,28,viernes,20
19/11/2021 20:30,75,viernes,20
19/11/2021 20:45,35,viernes,20
19/11/2021 21:00,63,viernes,21
19/11/2021 21:15,41,viernes,21
19/11/2021 21:30,27,viernes,21
19/11/2021 21:45,11,viernes,21
19/11/2021 22:00,18,viernes,22
19/11/2021 22:15,28,viernes,22
19/11/2021 22:30,29,viernes,22
19/11/2021 22:45,19,viernes,22
19/11/2021 23:00,17,viernes,23
19/11/2021 23:15,20,viernes,23
19/11/2021 23:30,16,viernes,23
19/11/2021 23:45,7,viernes,23
20/11/2021 00:00,6,sábado,0
20/11/2021 00:15,4,sábado,0
20/11/2021 00:30,5,sábado,0
20/11/2021 00:45,4,sábado,0
20/11/2021 01:30,3,sábado,1
20/11/2021 01:45,1,sábado,1
20/11/2021 02:15,3,sábado,2
20/11/2021 02:45,2,sábado,2
20/11/2021 03:00,2,sábado,3
20/11/2021 03:15,2,sábado,3
20/11/2021 03:30,2,sábado,3
20/11/2021 04:00,4,sábado,4
20/11/2021 04:15,4,sábado,4
20/11/2021 05:00,4,sábado,5
20/11/2021 05:30,3,sábado,5
20/11/2021 06:00,3,sábado,6
20/11/2021 06:15,7,sábado,6
20/11/2021 06:30,2,sábado,6
20/11/2021 06:45,21,sábado,6
20/11/2021 07:00,40,sábado,7
20/11/2021 07:15,34,sábado,7
20/11/2021 07:30,29,sábado,7
20/11/2021 07:45,23,sábado,7
20/11/2021 08:00,52,sábado,8
20/11/2021 08:15,48,sábado,8
20/11/2021 08:30,50,sábado,8
20/11/2021 08:45,43,sábado,8
20/11/2021 09:00,47,sábado,9
20/11/2021 09:15,52,sábado,9
20/11/2021 09:30,25,sábado,9
20/11/2021 09:45,58,sábado,9
20/11/2021 10:00,30,sábado,10
20/11/2021 10:15,68,sábado,10
20/11/2021 10:30,36,sábado,10
20/11/2021 10:45,40,sábado,10
20/11/2021 11:00,15,sábado,11
20/11/2021 11:15,45,sábado,11
20/11/2021 11:30,24,sábado,11
20/11/2021 11:45,24,sábado,11
20/11/2021 12:00,30,sábado,12
20/11/2021 12:15,28,sábado,12
20/11/2021 12:30,34,sábado,12
20/11/2021 12:45,42,sábado,12
20/11/2021 13:00,35,sábado,13
20/11/2021 13:15,36,sábado,13
20/11/2021 13:30,34,sábado,13
20/11/2021 13:45,18,sábado,13
20/11/2021 14:00,24,sábado,14
20/11/2021 14:15,25,sábado,14
20/11/2021 14:30,84,sábado,14
20/11/2021 14:45,25,sábado,14
20/11/2021 15:00,33,sábado,15
20/11/2021 15:15,39,sábado,15
20/11/2021 15:30,11,sábado,15
20/11/2021 15:45,17,sábado,15
20/11/2021 16:00,45,sábado,16
20/11/2021 16:15,38,sábado,16
20/11/2021 16:30,33,sábado,16
20/11/2021 16:45,21,sábado,16
20/11/2021 17:00,39,sábado,17
20/11/2021 17:15,32,sábado,17
20/11/2021 17:30,35,sábado,17
20/11/2021 17:45,36,sábado,17
20/11/2021 18:00,53,sábado,18
20/11/2021 18:15,30,sábado,18
20/11/2021 18:30,31,sábado,18
20/11/2021 18:45,50,sábado,18
20/11/2021 19:00,34,sábado,19
20/11/2021 19:15,31,sábado,19
20/11/2021 19:30,57,sábado,19
20/11/2021 19:45,39,sábado,19
20/11/2021 20:00,55,sábado,20
20/11/2021 20:15,61,sábado,20
20/11/2021 20:30,48,sábado,20
20/11/2021 20:45,56,sábado,20
20/11/2021 21:00,49,sábado,21
20/11/2021 21:15,17,sábado,21
20/11/2021 21:30,55,sábado,21
20/11/2021 21:45,26,sábado,21
20/11/2021 22:00,41,sábado,22
20/11/2021 22:15,25,sábado,22
20/11/2021 22:30,29,sábado,22
20/11/2021 22:45,12,sábado,22
20/11/2021 23:00,26,sábado,23
20/11/2021 23:15,22,sábado,23
20/11/2021 23:30,26,sábado,23
20/11/2021 23:45,11,sábado,23
21/11/2021 00:00,3,domingo,0
21/11/2021 00:15,15,domingo,0
21/11/2021 00:30,8,domingo,0
21/11/2021 00:45,13,domingo,0
21/11/2021 01:00,8,domingo,1
21/11/2021 01:15,11,domingo,1
21/11/2021 01:30,1,domingo,1
21/11/2021 01:45,5,domingo,1
21/11/2021 02:00,2,domingo,2
21/11/2021 02:15,16,domingo,2
21/11/2021 02:30,8,domingo,2
21/11/2021 02:45,6,domingo,2
21/11/2021 03:00,9,domingo,3
21/11/2021 03:15,7,domingo,3
21/11/2021 03:30,3,domingo,3
21/11/2021 03:45,2,domingo,3
21/11/2021 04:15,6,domingo,4
21/11/2021 04:30,2,domingo,4
21/11/2021 05:00,2,domingo,5
21/11/2021 05:15,2,domingo,5
21/11/2021 05:30,3,domingo,5
21/11/2021 05:45,1,domingo,5
21/11/2021 06:15,3,domingo,6
21/11/2021 06:30,5,domingo,6
21/11/2021 06:45,8,domingo,6
21/11/2021 07:00,13,domingo,7
21/11/2021 07:15,42,domingo,7
21/11/2021 07:30,11,domingo,7
21/11/2021 07:45,31,domingo,7
21/11/2021 08:00,51,domingo,8
21/11/2021 08:15,69,domingo,8
21/11/2021 08:30,21,domingo,8
21/11/2021 08:45,34,domingo,8
21/11/2021 09:00,37,domingo,9
21/11/2021 09:15,33,domingo,9
21/11/2021 09:30,38,domingo,9
21/11/2021 09:45,32,domingo,9
21/11/2021 10:00,55,domingo,10
21/11/2021 10:15,30,domingo,10
21/11/2021 10:30,31,domingo,10
21/11/2021 10:45,29,domingo,10
21/11/2021 11:00,38,domingo,11
21/11/2021 11:15,49,domingo,11
21/11/2021 11:30,13,domingo,11
21/11/2021 11:45,31,domingo,11
21/11/2021 12:00,29,domingo,12
21/11/2021 12:15,31,domingo,12
21/11/2021 12:30,30,domingo,12
21/11/2021 12:45,41,domingo,12
21/11/2021 13:00,25,domingo,13
21/11/2021 13:15,49,domingo,13
21/11/2021 13:30,25,domingo,13
21/11/2021 13:45,29,domingo,13
21/11/2021 14:00,30,domingo,14
21/11/2021 14:15,46,domingo,14
21/11/2021 14:30,47,domingo,14
21/11/2021 14:45,45,domingo,14
21/11/2021 15:00,32,domingo,15
21/11/2021 15:15,38,domingo,15
21/11/2021 15:30,57,domingo,15
21/11/2021 15:45,57,domingo,15
21/11/2021 16:00,48,domingo,16
21/11/2021 16:15,34,domingo,16
21/11/2021 16:30,70,domingo,16
21/11/2021 16:45,27,domingo,16
21/11/2021 17:00,40,domingo,17
21/11/2021 17:15,52,domingo,17
21/11/2021 17:30,53,domingo,17
21/11/2021 17:45,45,domingo,17
21/11/2021 18:00,41,domingo,18
21/11/2021 18:15,22,domingo,18
21/11/2021 18:30,59,domingo,18
21/11/2021 18:45,30,domingo,18
21/11/2021 19:00,51,domingo,19
21/11/2021 19:15,22,domingo,19
21/11/2021 19:30,45,domingo,19
21/11/2021 19:45,45,domingo,19
21/11/2021 20:00,17,domingo,20
21/11/2021 20:15,25,domingo,20
21/11/2021 20:30,52,domingo,20
21/11/2021 20:45,29,domingo,20
21/11/2021 21:00,21,domingo,21
21/11/2021 21:15,27,domingo,21
21/11/2021 21:30,35,domingo,21
21/11/2021 21:45,14,domingo,21
21/11/2021 22:00,15,domingo,22
21/11/2021 22:15,27,domingo,22
21/11/2021 22:30,50,domingo,22
21/11/2021 22:45,47,domingo,22
21/11/2021 23:00,17,domingo,23
21/11/2021 23:15,25,domingo,23
21/11/2021 23:30,41,domingo,23
21/11/2021 23:45,15,domingo,23
22/11/2021 00:00,8,lunes,0
22/11/2021 00:15,10,lunes,0
22/11/2021 00:30,9,lunes,0
22/11/2021 00:45,7,lunes,0
22/11/2021 01:00,13,lunes,1
22/11/2021 01:15,14,lunes,1
22/11/2021 01:30,9,lunes,1
22/11/2021 01:45,6,lunes,1
22/11/2021 02:00,10,lunes,2
22/11/2021 02:15,9,lunes,2
22/11/2021 02:30,15,lunes,2
22/11/2021 02:45,10,lunes,2
22/11/2021 03:00,9,lunes,3
22/11/2021 03:15,19,lunes,3
22/11/2021 03:30,3,lunes,3
22/11/2021 03:45,4,lunes,3
22/11/2021 04:00,9,lunes,4
22/11/2021 04:15,4,lunes,4
22/11/2021 04:30,3,lunes,4
22/11/2021 04:45,2,lunes,4
22/11/2021 05:00,1,lunes,5
22/11/2021 05:30,2,lunes,5
22/11/2021 06:00,6,lunes,6
22/11/2021 06:15,11,lunes,6
22/11/2021 06:30,3,lunes,6
22/11/2021 06:45,5,lunes,6
22/11/2021 07:00,6,lunes,7
22/11/2021 07:15,25,lunes,7
22/11/2021 07:30,18,lunes,7
22/11/2021 07:45,10,lunes,7
22/11/2021 08:00,11,lunes,8
22/11/2021 08:15,10,lunes,8
22/11/2021 08:30,22,lunes,8
22/11/2021 08:45,16,lunes,8
22/11/2021 09:00,19,lunes,9
22/11/2021 09:15,9,lunes,9
22/11/2021 12:00,20,lunes,12
22/11/2021 12:15,35,lunes,12
22/11/2021 12:30,49,lunes,12
22/11/2021 12:45,43,lunes,12
22/11/2021 13:00,38,lunes,13
22/11/2021 13:15,43,lunes,13
22/11/2021 13:30,27,lunes,13
22/11/2021 13:45,36,lunes,13
22/11/2021 14:00,34,lunes,14
22/11/2021 14:15,49,lunes,14
22/11/2021 14:30,35,lunes,14
22/11/2021 14:45,28,lunes,14
22/11/2021 15:00,38,lunes,15
22/11/2021 15:15,41,lunes,15
22/11/2021 15:30,32,lunes,15
22/11/2021 15:45,31,lunes,15
22/11/2021 16:00,40,lunes,16
22/11/2021 16:15,57,lunes,16
22/11/2021 16:30,38,lunes,16
22/11/2021 16:45,44,lunes,16
22/11/2021 17:00,65,lunes,17
22/11/2021 17:15,37,lunes,17
22/11/2021 17:30,34,lunes,17
22/11/2021 17:45,31,lunes,17
22/11/2021 18:00,43,lunes,18
22/11/2021 18:15,14,lunes,18
22/11/2021 18:30,17,lunes,18
22/11/2021 18:45,26,lunes,18
22/11/2021 19:00,17,lunes,19
22/11/2021 19:15,38,lunes,19
22/11/2021 19:30,33,lunes,19
22/11/2021 19:45,18,lunes,19
22/11/2021 20:00,26,lunes,20
22/11/2021 20:15,17,lunes,20
22/11/2021 20:30,44,lunes,20
22/11/2021 20:45,12,lunes,20
22/11/2021 21:00,26,lunes,21
22/11/2021 21:15,14,lunes,21
22/11/2021 21:45,1,lunes,21
22/11/2021 22:00,22,lunes,22
22/11/2021 22:15,29,lunes,22
22/11/2021 22:30,10,lunes,22
23/11/2021 00:00,20,martes,0
23/11/2021 00:15,6,martes,0
23/11/2021 00:30,11,martes,0
23/11/2021 00:45,5,martes,0
23/11/2021 01:00,11,martes,1
23/11/2021 01:15,10,martes,1
23/11/2021 01:30,9,martes,1
23/11/2021 01:45,5,martes,1
23/11/2021 02:00,9,martes,2
23/11/2021 02:15,6,martes,2
23/11/2021 03:00,2,martes,3
23/11/2021 03:15,2,martes,3
23/11/2021 03:30,1,martes,3
23/11/2021 04:30,1,martes,4
23/11/2021 04:45,1,martes,4
23/11/2021 06:15,6,martes,6
23/11/2021 06:45,10,martes,6
23/11/2021 07:00,27,martes,7
23/11/2021 07:15,34,martes,7
23/11/2021 07:30,47,martes,7
23/11/2021 07:45,38,martes,7
23/11/2021 08:00,62,martes,8
23/11/2021 08:15,56,martes,8
23/11/2021 08:30,51,martes,8
23/11/2021 08:45,31,martes,8
23/11/2021 09:00,40,martes,9
23/11/2021 09:15,48,martes,9
23/11/2021 09:30,56,martes,9
23/11/2021 09:45,29,martes,9
23/11/2021 10:00,47,martes,10
23/11/2021 10:15,56,martes,10
23/11/2021 10:30,27,martes,10
23/11/2021 10:45,30,martes,10
23/11/2021 11:00,30,martes,11
23/11/2021 11:15,25,martes,11
23/11/2021 11:30,20,martes,11
23/11/2021 11:45,37,martes,11
23/11/2021 12:00,25,martes,12
23/11/2021 12:15,30,martes,12
23/11/2021 12:30,51,martes,12
23/11/2021 12:45,30,martes,12
23/11/2021 13:00,23,martes,13
23/11/2021 13:15,22,martes,13
23/11/2021 13:30,25,martes,13
23/11/2021 13:45,43,martes,13
23/11/2021 14:00,51,martes,14
23/11/2021 14:15,18,martes,14
23/11/2021 14:30,30,martes,14
23/11/2021 14:45,35,martes,14
23/11/2021 15:00,25,martes,15
23/11/2021 15:15,36,martes,15
23/11/2021 15:30,29,martes,15
23/11/2021 15:45,53,martes,15
23/11/2021 16:00,30,martes,16
23/11/2021 16:15,43,martes,16
23/11/2021 16:30,25,martes,16
23/11/2021 16:45,22,martes,16
23/11/2021 17:00,24,martes,17
23/11/2021 17:15,32,martes,17
23/11/2021 17:30,30,martes,17
23/11/2021 17:45,32,martes,17
23/11/2021 18:00,36,martes,18
23/11/2021 18:15,37,martes,18
23/11/2021 18:30,31,martes,18
23/11/2021 18:45,22,martes,18
23/11/2021 19:00,31,martes,19
23/11/2021 19:15,24,martes,19
23/11/2021 19:30,71,martes,19
23/11/2021 19:45,47,martes,19
23/11/2021 20:00,46,martes,20
23/11/2021 20:15,41,martes,20
23/11/2021 20:30,55,martes,20
23/11/2021 20:45,58,martes,20
23/11/2021 21:00,29,martes,21
23/11/2021 21:15,24,martes,21
23/11/2021 21:30,48,martes,21
23/11/2021 21:45,32,martes,21
23/11/2021 22:00,26,martes,22
23/11/2021 22:15,12,martes,22
23/11/2021 22:30,26,martes,22
23/11/2021 22:45,30,martes,22
23/11/2021 23:00,32,martes,23
23/11/2021 23:15,24,martes,23
23/11/2021 23:30,14,martes,23
23/11/2021 23:45,16,martes,23
24/11/2021 00:00,10,miércoles,0
24/11/2021 00:15,5,miércoles,0
24/11/2021 00:30,4,miércoles,0
24/11/2021 00:45,13,miércoles,0
24/11/2021 01:00,3,miércoles,1
24/11/2021 01:15,2,miércoles,1
24/11/2021 01:30,3,miércoles,1
24/11/2021 01:45,1,miércoles,1
24/11/2021 02:00,9,miércoles,2
24/11/2021 02:30,1,miércoles,2
24/11/2021 02:45,3,miércoles,2
24/11/2021 03:15,1,miércoles,3
24/11/2021 03:45,4,miércoles,3
24/11/2021 05:30,5,miércoles,5
24/11/2021 06:00,7,miércoles,6
24/11/2021 06:15,5,miércoles,6
24/11/2021 06:30,1,miércoles,6
24/11/2021 06:45,24,miércoles,6
24/11/2021 07:00,28,miércoles,7
24/11/2021 07:15,25,miércoles,7
24/11/2021 07:30,68,miércoles,7
24/11/2021 07:45,18,miércoles,7
24/11/2021 08:00,65,miércoles,8
24/11/2021 08:15,74,miércoles,8
24/11/2021 08:30,47,miércoles,8
24/11/2021 08:45,26,miércoles,8
24/11/2021 09:00,39,miércoles,9
24/11/2021 09:15,42,miércoles,9
24/11/2021 09:30,49,miércoles,9
24/11/2021 09:45,32,miércoles,9
24/11/2021 10:00,45,miércoles,10
24/11/2021 10:15,46,miércoles,10
24/11/2021 10:30,25,miércoles,10
24/11/2021 10:45,21,miércoles,10
24/11/2021 11:00,20,miércoles,11
24/11/2021 11:15,31,miércoles,11
24/11/2021 11:30,47,miércoles,11
24/11/2021 11:45,31,miércoles,11
24/11/2021 12:00,38,miércoles,12
24/11/2021 12:15,48,miércoles,12
24/11/2021 12:30,37,miércoles,12
24/11/2021 12:45,36,miércoles,12
24/11/2021 13:00,44,miércoles,13
24/11/2021 13:15,10,miércoles,13
24/11/2021 13:30,41,miércoles,13
24/11/2021 13:45,35,miércoles,13
24/11/2021 14:00,23,miércoles,14
24/11/2021 14:15,21,miércoles,14
24/11/2021 14:30,12,miércoles,14
24/11/2021 14:45,27,miércoles,14
24/11/2021 15:00,14,miércoles,15
24/11/2021 15:15,26,miércoles,15
24/11/2021 15:30,31,miércoles,15
24/11/2021 15:45,26,miércoles,15
24/11/2021 16:00,17,miércoles,16
24/11/2021 16:15,39,miércoles,16
24/11/2021 16:30,34,miércoles,16
24/11/2021 16:45,37,miércoles,16
24/11/2021 17:00,19,miércoles,17
24/11/2021 17:15,33,miércoles,17
24/11/2021 17:30,53,miércoles,17
24/11/2021 17:45,47,miércoles,17
24/11/2021 18:00,53,miércoles,18
24/11/2021 18:15,38,miércoles,18
24/11/2021 18:30,53,miércoles,18
24/11/2021 18:45,20,miércoles,18
24/11/2021 19:00,34,miércoles,19
24/11/2021 19:15,30,miércoles,19
24/11/2021 19:30,41,miércoles,19
24/11/2021 19:45,19,miércoles,19
24/11/2021 20:00,39,miércoles,20
24/11/2021 20:15,40,miércoles,20
24/11/2021 20:30,68,miércoles,20
24/11/2021 20:45,45,miércoles,20
24/11/2021 21:00,37,miércoles,21
24/11/2021 21:15,44,miércoles,21
24/11/2021 21:30,25,miércoles,21
24/11/2021 21:45,23,miércoles,21
24/11/2021 22:00,42,miércoles,22
24/11/2021 22:15,32,miércoles,22
24/11/2021 22:30,12,miércoles,22
24/11/2021 22:45,30,miércoles,22
24/11/2021 23:00,13,miércoles,23
24/11/2021 23:15,19,miércoles,23
24/11/2021 23:30,19,miércoles,23
24/11/2021 23:45,9,miércoles,23
25/11/2021 00:00,2,jueves,0
25/11/2021 00:15,2,jueves,0
25/11/2021 00:30,3,jueves,0
25/11/2021 00:45,10,jueves,0
25/11/2021 01:00,14,jueves,1
25/11/2021 01:15,16,jueves,1
25/11/2021 01:45,1,jueves,1
25/11/2021 02:15,4,jueves,2
25/11/2021 02:45,9,jueves,2
25/11/2021 03:00,1,jueves,3
25/11/2021 03:15,1,jueves,3
25/11/2021 03:30,1,jueves,3
25/11/2021 04:15,1,jueves,4
25/11/2021 05:15,1,jueves,5
25/11/2021 05:30,11,jueves,5
25/11/2021 06:00,3,jueves,6
25/11/2021 06:15,8,jueves,6
25/11/2021 06:30,7,jueves,6
25/11/2021 06:45,22,jueves,6
25/11/2021 07:00,34,jueves,7
25/11/2021 07:15,44,jueves,7
25/11/2021 07:30,36,jueves,7
25/11/2021 07:45,44,jueves,7
25/11/2021 08:00,46,jueves,8
25/11/2021 08:15,52,jueves,8
25/11/2021 08:30,69,jueves,8
25/11/2021 08:45,56,jueves,8
25/11/2021 09:00,48,jueves,9
25/11/2021 09:15,37,jueves,9
25/11/2021 09:30,52,jueves,9
25/11/2021 09:45,40,jueves,9
25/11/2021 10:00,33,jueves,10
25/11/2021 10:15,21,jueves,10
25/11/2021 10:30,35,jueves,10
25/11/2021 10:45,25,jueves,10
25/11/2021 11:00,30,jueves,11
25/11/2021 11:15,34,jueves,11
25/11/2021 11:30,22,jueves,11
25/11/2021 11:45,59,jueves,11
25/11/2021 12:00,29,jueves,12
25/11/2021 12:15,16,jueves,12
25/11/2021 12:30,22,jueves,12
25/11/2021 12:45,52,jueves,12
25/11/2021 13:00,31,jueves,13
25/11/2021 13:15,32,jueves,13
25/11/2021 13:30,34,jueves,13
25/11/2021 13:45,18,jueves,13
25/11/2021 14:00,43,jueves,14
25/11/2021 14:15,29,jueves,14
25/11/2021 14:30,18,jueves,14
25/11/2021 14:45,46,jueves,14
25/11/2021 15:00,53,jueves,15
25/11/2021 15:15,31,jueves,15
25/11/2021 15:30,24,jueves,15
25/11/2021 15:45,50,jueves,15
25/11/2021 16:00,12,jueves,16
25/11/2021 16:15,31,jueves,16
25/11/2021 16:30,21,jueves,16
25/11/2021 16:45,31,jueves,16
25/11/2021 17:00,44,jueves,17
25/11/2021 17:15,33,jueves,17
25/11/2021 17:30,27,jueves,17
25/11/2021 17:45,28,jueves,17
25/11/2021 18:00,26,jueves,18
25/11/2021 18:15,35,jueves,18
25/11/2021 18:30,34,jueves,18
25/11/2021 18:45,45,jueves,18
25/11/2021 19:00,32,jueves,19
25/11/2021 19:15,48,jueves,19
25/11/2021 19:30,42,jueves,19
25/11/2021 19:45,70,jueves,19
25/11/2021 20:00,44,jueves,20
25/11/2021 20:15,60,jueves,20
25/11/2021 20:30,53,jueves,20
25/11/2021 20:45,33,jueves,20
25/11/2021 21:00,58,jueves,21
25/11/2021 21:15,19,jueves,21
25/11/2021 21:30,38,jueves,21
25/11/2021 21:45,28,jueves,21
25/11/2021 22:00,19,jueves,22
25/11/2021 22:15,41,jueves,22
25/11/2021 22:30,45,jueves,22
25/11/2021 22:45,18,jueves,22
25/11/2021 23:00,15,jueves,23
25/11/2021 23:15,12,jueves,23
25/11/2021 23:30,18,jueves,23
25/11/2021 23:45,12,jueves,23
26/11/2021 00:00,10,viernes,0
26/11/2021 00:15,7,viernes,0
26/11/2021 00:45,4,viernes,0
26/11/2021 01:00,6,viernes,1
26/11/2021 01:15,4,viernes,1
26/11/2021 01:30,8,viernes,1
26/11/2021 01:45,1,viernes,1
26/11/2021 02:15,1,viernes,2
26/11/2021 02:30,2,viernes,2
26/11/2021 02:45,9,viernes,2
26/11/2021 03:15,5,viernes,3
26/11/2021 03:30,7,viernes,3
26/11/2021 03:45,2,viernes,3
26/11/2021 05:15,9,viernes,5
26/11/2021 06:00,2,viernes,6
26/11/2021 06:15,5,viernes,6
26/11/2021 06:30,2,viernes,6
26/11/2021 06:45,14,viernes,6
26/11/2021 07:00,25,viernes,7
26/11/2021 07:15,29,viernes,7
26/11/2021 07:30,51,viernes,7
26/11/2021 07:45,25,viernes,7
26/11/2021 08:00,68,viernes,8
26/11/2021 08:15,59,viernes,8
26/11/2021 08:30,63,viernes,8
26/11/2021 08:45,22,viernes,8
26/11/2021 09:00,49,viernes,9
26/11/2021 09:15,41,viernes,9
26/11/2021 09:30,26,viernes,9
26/11/2021 09:45,59,viernes,9
26/11/2021 10:00,33,viernes,10
26/11/2021 10:15,52,viernes,10
26/11/2021 10:30,14,viernes,10
26/11/2021 10:45,53,viernes,10
26/11/2021 11:00,17,viernes,11
26/11/2021 11:15,10,viernes,11
26/11/2021 11:30,22,viernes,11
26/11/2021 11:45,46,viernes,11
26/11/2021 12:00,38,viernes,12
26/11/2021 12:15,28,viernes,12
26/11/2021 12:30,29,viernes,12
26/11/2021 12:45,32,viernes,12
26/11/2021 13:00,29,viernes,13
26/11/2021 13:15,33,viernes,13
26/11/2021 13:30,52,viernes,13
26/11/2021 13:45,64,viernes,13
26/11/2021 14:00,32,viernes,14
26/11/2021 14:15,33,viernes,14
26/11/2021 14:30,15,viernes,14
26/11/2021 14:45,31,viernes,14
26/11/2021 15:00,34,viernes,15
26/11/2021 15:15,49,viernes,15
26/11/2021 15:30,35,viernes,15
26/11/2021 15:45,30,viernes,15
26/11/2021 16:00,22,viernes,16
26/11/2021 16:15,48,viernes,16
26/11/2021 16:30,29,viernes,16
26/11/2021 16:45,26,viernes,16
26/11/2021 17:00,39,viernes,17
26/11/2021 17:15,46,viernes,17
26/11/2021 17:30,22,viernes,17
26/11/2021 17:45,23,viernes,17
26/11/2021 18:00,47,viernes,18
26/11/2021 18:15,46,viernes,18
26/11/2021 18:30,43,viernes,18
26/11/2021 18:45,14,viernes,18
26/11/2021 19:00,69,viernes,19
26/11/2021 19:15,42,viernes,19
26/11/2021 19:30,35,viernes,19
26/11/2021 19:45,51,viernes,19
26/11/2021 20:00,51,viernes,20
26/11/2021 20:15,21,viernes,20
26/11/2021 20:30,64,viernes,20
26/11/2021 20:45,37,viernes,20
26/11/2021 21:00,37,viernes,21
26/11/2021 21:15,28,viernes,21
26/11/2021 21:30,17,viernes,21
26/11/2021 21:45,23,viernes,21
26/11/2021 22:00,22,viernes,22
26/11/2021 22:15,18,viernes,22
26/11/2021 22:30,22,viernes,22
26/11/2021 22:45,25,viernes,22
26/11/2021 23:00,17,viernes,23
26/11/2021 23:15,20,viernes,23
26/11/2021 23:30,8,viernes,23
26/11/2021 23:45,2,viernes,23
27/11/2021 00:00,9,sábado,0
27/11/2021 00:15,4,sábado,0
27/11/2021 00:30,3,sábado,0
27/11/2021 00:45,8,sábado,0
27/11/2021 01:00,10,sábado,1
27/11/2021 01:15,2,sábado,1
27/11/2021 01:30,7,sábado,1
27/11/2021 02:00,4,sábado,2
27/11/2021 02:15,2,sábado,2
27/11/2021 02:30,7,sábado,2
27/11/2021 03:00,5,sábado,3
27/11/2021 03:30,3,sábado,3
27/11/2021 03:45,3,sábado,3
27/11/2021 04:00,1,sábado,4
27/11/2021 04:15,2,sábado,4
27/11/2021 06:00,3,sábado,6
27/11/2021 06:15,5,sábado,6
27/11/2021 06:30,6,sábado,6
27/11/2021 06:45,8,sábado,6
27/11/2021 07:00,27,sábado,7
27/11/2021 07:15,33,sábado,7
27/11/2021 07:30,41,sábado,7
27/11/2021 07:45,26,sábado,7
27/11/2021 08:00,65,sábado,8
27/11/2021 08:15,72,sábado,8
27/11/2021 08:30,47,sábado,8
27/11/2021 08:45,50,sábado,8
27/11/2021 09:00,44,sábado,9
27/11/2021 09:15,31,sábado,9
27/11/2021 09:30,70,sábado,9
27/11/2021 09:45,34,sábado,9
27/11/2021 10:00,28,sábado,10
27/11/2021 10:15,19,sábado,10
27/11/2021 10:30,33,sábado,10
27/11/2021 10:45,40,sábado,10
27/11/2021 11:00,27,sábado,11
27/11/2021 11:15,31,sábado,11
27/11/2021 11:30,27,sábado,11
27/11/2021 11:45,35,sábado,11
27/11/2021 12:00,24,sábado,12
27/11/2021 12:15,36,sábado,12
27/11/2021 12:30,27,sábado,12
27/11/2021 12:45,36,sábado,12
27/11/2021 13:00,32,sábado,13
27/11/2021 13:15,45,sábado,13
27/11/2021 13:30,37,sábado,13
27/11/2021 13:45,22,sábado,13
27/11/2021 14:00,17,sábado,14
27/11/2021 14:15,33,sábado,14
27/11/2021 14:30,41,sábado,14
27/11/2021 14:45,64,sábado,14
27/11/2021 15:00,40,sábado,15
27/11/2021 15:15,29,sábado,15
27/11/2021 15:30,19,sábado,15
27/11/2021 15:45,25,sábado,15
27/11/2021 16:00,66,sábado,16
27/11/2021 16:15,42,sábado,16
27/11/2021 16:30,38,sábado,16
27/11/2021 16:45,26,sábado,16
27/11/2021 17:00,31,sábado,17
27/11/2021 17:15,27,sábado,17
27/11/2021 17:30,20,sábado,17
27/11/2021 17:45,40,sábado,17
27/11/2021 18:00,38,sábado,18
27/11/2021 18:15,28,sábado,18
27/11/2021 18:30,19,sábado,18
27/11/2021 18:45,32,sábado,18
27/11/2021 19:00,20,sábado,19
27/11/2021 19:15,57,sábado,19
27/11/2021 19:30,65,sábado,19
27/11/2021 19:45,57,sábado,19
27/11/2021 20:00,62,sábado,20
27/11/2021 20:15,61,sábado,20
27/11/2021 20:30,37,sábado,20
27/11/2021 20:45,40,sábado,20
27/11/2021 21:00,27,sábado,21
27/11/2021 21:15,39,sábado,21
27/11/2021 21:30,24,sábado,21
27/11/2021 21:45,37,sábado,21
27/11/2021 22:00,47,sábado,22
27/11/2021 22:15,22,sábado,22
27/11/2021 22:30,33,sábado,22
27/11/2021 22:45,32,sábado,22
27/11/2021 23:00,38,sábado,23
27/11/2021 23:15,21,sábado,23
27/11/2021 23:30,15,sábado,23
27/11/2021 23:45,8,sábado,23
28/11/2021 00:00,15,domingo,0
28/11/2021 00:15,7,domingo,0
28/11/2021 00:30,13,domingo,0
28/11/2021 00:45,3,domingo,0
28/11/2021 01:00,4,domingo,1
28/11/2021 01:15,6,domingo,1
28/11/2021 01:30,15,domingo,1
28/11/2021 01:45,15,domingo,1
28/11/2021 02:00,17,domingo,2
28/11/2021 02:15,6,domingo,2
28/11/2021 02:45,4,domingo,2
28/11/2021 03:00,3,domingo,3
28/11/2021 03:15,4,domingo,3
28/11/2021 03:30,4,domingo,3
28/11/2021 04:00,4,domingo,4
28/11/2021 04:30,2,domingo,4
28/11/2021 04:45,4,domingo,4
28/11/2021 05:00,2,domingo,5
28/11/2021 05:15,3,domingo,5
28/11/2021 05:30,2,domingo,5
28/11/2021 06:00,11,domingo,6
28/11/2021 06:15,2,domingo,6
28/11/2021 06:45,7,domingo,6
28/11/2021 07:00,22,domingo,7
28/11/2021 07:15,31,domingo,7
28/11/2021 07:30,38,domingo,7
28/11/2021 07:45,26,domingo,7
28/11/2021 08:00,26,domingo,8
28/11/2021 08:15,48,domingo,8
28/11/2021 08:30,32,domingo,8
28/11/2021 08:45,52,domingo,8
28/11/2021 09:00,17,domingo,9
28/11/2021 09:15,26,domingo,9
28/11/2021 09:30,28,domingo,9
28/11/2021 09:45,28,domingo,9
28/11/2021 10:00,38,domingo,10
28/11/2021 10:30,18,domingo,10
28/11/2021 10:45,46,domingo,10
28/11/2021 11:00,30,domingo,11
28/11/2021 11:30,29,domingo,11
28/11/2021 11:45,44,domingo,11
28/11/2021 12:00,25,domingo,12
28/11/2021 12:15,26,domingo,12
28/11/2021 12:45,33,domingo,12
28/11/2021 13:00,40,domingo,13
28/11/2021 13:15,46,domingo,13
28/11/2021 13:30,28,domingo,13
28/11/2021 14:00,45,domingo,14
28/11/2021 14:15,31,domingo,14
28/11/2021 14:30,36,domingo,14
28/11/2021 14:45,44,domingo,14
28/11/2021 15:00,71,domingo,15
28/11/2021 15:15,63,domingo,15
28/11/2021 15:30,40,domingo,15
28/11/2021 15:45,47,domingo,15
28/11/2021 16:00,43,domingo,16
28/11/2021 16:15,29,domingo,16
28/11/2021 16:30,52,domingo,16
28/11/2021 16:45,35,domingo,16
28/11/2021 17:00,40,domingo,17
28/11/2021 17:15,49,domingo,17
28/11/2021 17:30,31,domingo,17
28/11/2021 17:45,37,domingo,17
28/11/2021 18:00,64,domingo,18
28/11/2021 18:15,40,domingo,18
28/11/2021 18:30,28,domingo,18
28/11/2021 18:45,29,domingo,18
28/11/2021 19:00,40,domingo,19
28/11/2021 19:15,40,domingo,19
28/11/2021 19:30,28,domingo,19
28/11/2021 19:45,36,domingo,19
28/11/2021 20:00,61,domingo,20
28/11/2021 20:15,49,domingo,20
28/11/2021 20:30,54,domingo,20
28/11/2021 20:45,34,domingo,20
28/11/2021 21:00,19,domingo,21
28/11/2021 21:15,32,domingo,21
28/11/2021 21:30,37,domingo,21
28/11/2021 21:45,36,domingo,21
28/11/2021 22:00,17,domingo,22
28/11/2021 22:15,33,domingo,22
28/11/2021 22:30,22,domingo,22
28/11/2021 22:45,43,domingo,22
28/11/2021 23:00,27,domingo,23
28/11/2021 23:15,12,domingo,23
28/11/2021 23:30,27,domingo,23
28/11/2021 23:45,11,domingo,23
29/11/2021 00:00,14,lunes,0
29/11/2021 00:15,13,lunes,0
29/11/2021 00:30,9,lunes,0
29/11/2021 00:45,24,lunes,0
29/11/2021 01:00,11,lunes,1
29/11/2021 01:15,12,lunes,1
29/11/2021 01:30,24,lunes,1
29/11/2021 01:45,6,lunes,1
29/11/2021 02:00,12,lunes,2
29/11/2021 02:15,22,lunes,2
29/11/2021 02:30,7,lunes,2
29/11/2021 02:45,8,lunes,2
29/11/2021 03:00,11,lunes,3
29/11/2021 03:15,5,lunes,3
29/11/2021 03:45,4,lunes,3
29/11/2021 04:00,1,lunes,4
29/11/2021 04:30,2,lunes,4
29/11/2021 04:45,18,lunes,4
29/11/2021 05:00,4,lunes,5
29/11/2021 05:15,7,lunes,5
29/11/2021 05:30,1,lunes,5
29/11/2021 05:45,3,lunes,5
29/11/2021 06:30,11,lunes,6
29/11/2021 06:45,1,lunes,6
29/11/2021 07:00,5,lunes,7
29/11/2021 07:15,19,lunes,7
29/11/2021 07:30,4,lunes,7
29/11/2021 07:45,27,lunes,7
29/11/2021 08:00,8,lunes,8
29/11/2021 08:15,18,lunes,8
29/11/2021 08:30,11,lunes,8
29/11/2021 08:45,34,lunes,8
29/11/2021 09:00,16,lunes,9
29/11/2021 09:15,38,lunes,9
29/11/2021 09:30,24,lunes,9
29/11/2021 09:45,26,lunes,9
29/11/2021 10:00,50,lunes,10
29/11/2021 10:15,28,lunes,10
29/11/2021 10:30,21,lunes,10
29/11/2021 10:45,34,lunes,10
29/11/2021 11:00,26,lunes,11
29/11/2021 11:15,25,lunes,11
29/11/2021 11:30,30,lunes,11
29/11/2021 11:45,40,lunes,11
29/11/2021 12:00,32,lunes,12
29/11/2021 12:15,25,lunes,12
29/11/2021 12:30,45,lunes,12
29/11/2021 12:45,31,lunes,12
29/11/2021 13:00,30,lunes,13
29/11/2021 13:15,19,lunes,13
29/11/2021 13:30,66,lunes,13
29/11/2021 13:45,24,lunes,13
29/11/2021 14:00,23,lunes,14
29/11/2021 14:15,41,lunes,14
29/11/2021 14:30,31,lunes,14
29/11/2021 14:45,53,lunes,14
29/11/2021 15:00,33,lunes,15
29/11/2021 15:15,38,lunes,15
29/11/2021 15:30,38,lunes,15
29/11/2021 15:45,46,lunes,15
29/11/2021 16:00,49,lunes,16
29/11/2021 16:15,65,lunes,16
29/11/2021 16:30,35,lunes,16
29/11/2021 16:45,31,lunes,16
29/11/2021 17:00,23,lunes,17
29/11/2021 17:15,33,lunes,17
29/11/2021 17:30,35,lunes,17
29/11/2021 17:45,38,lunes,17
29/11/2021 18:00,24,lunes,18
29/11/2021 18:15,14,lunes,18
29/11/2021 18:30,24,lunes,18
29/11/2021 18:45,16,lunes,18
29/11/2021 19:00,22,lunes,19
29/11/2021 19:15,39,lunes,19
29/11/2021 19:30,24,lunes,19
29/11/2021 19:45,29,lunes,19
29/11/2021 20:00,45,lunes,20
29/11/2021 20:15,17,lunes,20
29/11/2021 20:30,42,lunes,20
29/11/2021 20:45,44,lunes,20
29/11/2021 21:00,17,lunes,21
29/11/2021 21:15,19,lunes,21
29/11/2021 21:30,37,lunes,21
29/11/2021 21:45,27,lunes,21
29/11/2021 22:00,24,lunes,22
29/11/2021 22:15,26,lunes,22
29/11/2021 22:30,15,lunes,22
29/11/2021 22:45,37,lunes,22
29/11/2021 23:00,16,lunes,23
29/11/2021 23:15,20,lunes,23
29/11/2021 23:30,15,lunes,23
29/11/2021 23:45,10,lunes,23
30/11/2021 00:00,16,martes,0
30/11/2021 00:15,4,martes,0
30/11/2021 00:30,5,martes,0
30/11/2021 00:45,8,martes,0
30/11/2021 01:00,7,martes,1
30/11/2021 01:15,3,martes,1
30/11/2021 01:30,12,martes,1
30/11/2021 02:30,1,martes,2
30/11/2021 03:00,1,martes,3
30/11/2021 03:30,3,martes,3
30/11/2021 04:00,2,martes,4
30/11/2021 04:15,1,martes,4
30/11/2021 04:30,2,martes,4
30/11/2021 05:00,1,martes,5
30/11/2021 05:30,5,martes,5
30/11/2021 06:15,10,martes,6
30/11/2021 06:30,7,martes,6
30/11/2021 06:45,15,martes,6
30/11/2021 07:00,10,martes,7
30/11/2021 07:15,20,martes,7
30/11/2021 07:30,22,martes,7
30/11/2021 07:45,25,martes,7
30/11/2021 08:00,38,martes,8
30/11/2021 08:15,43,martes,8
30/11/2021 08:30,41,martes,8
30/11/2021 08:45,32,martes,8
30/11/2021 09:00,54,martes,9
30/11/2021 09:15,30,martes,9
30/11/2021 09:30,44,martes,9
30/11/2021 09:45,27,martes,9
30/11/2021 10:00,38,martes,10
30/11/2021 10:15,32,martes,10
30/11/2021 10:30,25,martes,10
30/11/2021 10:45,28,martes,10
30/11/2021 11:00,61,martes,11
30/11/2021 11:15,25,martes,11
30/11/2021 11:30,34,martes,11
30/11/2021 11:45,73,martes,11
30/11/2021 12:00,35,martes,12
30/11/2021 12:15,28,martes,12
30/11/2021 12:30,25,martes,12
30/11/2021 12:45,22,martes,12
30/11/2021 13:00,26,martes,13
30/11/2021 13:15,29,martes,13
30/11/2021 13:30,28,martes,13
30/11/2021 13:45,37,martes,13
30/11/2021 14:00,23,martes,14
30/11/2021 14:15,45,martes,14
30/11/2021 14:30,31,martes,14
30/11/2021 14:45,32,martes,14
30/11/2021 15:00,33,martes,15
30/11/2021 15:15,33,martes,15
30/11/2021 15:30,44,martes,15
30/11/2021 15:45,35,martes,15
30/11/2021 16:00,35,martes,16
30/11/2021 16:15,23,martes,16
30/11/2021 16:30,36,martes,16
30/11/2021 16:45,29,martes,16
30/11/2021 17:00,44,martes,17
30/11/2021 17:15,35,martes,17
30/11/2021 17:30,29,martes,17
30/11/2021 17:45,18,martes,17
30/11/2021 18:00,28,martes,18
30/11/2021 18:15,20,martes,18
30/11/2021 18:30,30,martes,18
30/11/2021 18:45,26,martes,18
30/11/2021 19:00,41,martes,19
30/11/2021 19:15,27,martes,19
30/11/2021 19:30,32,martes,19
30/11/2021 19:45,37,martes,19
30/11/2021 20:00,35,martes,20
30/11/2021 20:15,39,martes,20
30/11/2021 20:30,52,martes,20
30/11/2021 20:45,60,martes,20
30/11/2021 21:00,43,martes,21
30/11/2021 21:15,29,martes,21
30/11/2021 21:30,22,martes,21
30/11/2021 21:45,37,martes,21
30/11/2021 22:00,59,martes,22
30/11/2021 22:15,13,martes,22
30/11/2021 22:30,22,martes,22
30/11/2021 22:45,12,martes,22
30/11/2021 23:00,18,martes,23
30/11/2021 23:15,15,martes,23
30/11/2021 23:30,17,martes,23
30/11/2021 23:45,7,martes,23
01/12/2021 00:00,6,miércoles,0
01/12/2021 00:15,14,miércoles,0
01/12/2021 00:30,19,miércoles,0
01/12/2021 00:45,14,miércoles,0
01/12/2021 01:00,14,miércoles,1
01/12/2021 01:15,6,miércoles,1
01/12/2021 01:30,3,miércoles,1
01/12/2021 01:45,4,miércoles,1
01/12/2021 02:00,1,miércoles,2
01/12/2021 02:30,4,miércoles,2
01/12/2021 02:45,6,miércoles,2
01/12/2021 03:00,6,miércoles,3
01/12/2021 03:15,1,miércoles,3
01/12/2021 03:30,1,miércoles,3
01/12/2021 03:45,4,miércoles,3
01/12/2021 05:30,4,miércoles,5
01/12/2021 06:00,5,miércoles,6
01/12/2021 06:15,13,miércoles,6
01/12/2021 06:30,3,miércoles,6
01/12/2021 06:45,19,miércoles,6
01/12/2021 07:00,11,miércoles,7
01/12/2021 07:15,28,miércoles,7
01/12/2021 07:30,63,miércoles,7
01/12/2021 07:45,30,miércoles,7
01/12/2021 08:00,29,miércoles,8
01/12/2021 08:15,53,miércoles,8
01/12/2021 08:30,54,miércoles,8
01/12/2021 08:45,25,miércoles,8
01/12/2021 09:00,34,miércoles,9
01/12/2021 09:15,44,miércoles,9
01/12/2021 09:30,65,miércoles,9
01/12/2021 09:45,22,miércoles,9
01/12/2021 10:00,32,miércoles,10
01/12/2021 10:15,57,miércoles,10
01/12/2021 10:30,23,miércoles,10
01/12/2021 10:45,39,miércoles,10
01/12/2021 11:00,22,miércoles,11
01/12/2021 11:15,28,miércoles,11
01/12/2021 11:30,44,miércoles,11
01/12/2021 11:45,35,miércoles,11
01/12/2021 12:00,29,miércoles,12
01/12/2021 12:15,26,miércoles,12
01/12/2021 12:30,25,miércoles,12
01/12/2021 12:45,35,miércoles,12
01/12/2021 13:00,36,miércoles,13
01/12/2021 13:15,28,miércoles,13
01/12/2021 13:30,27,miércoles,13
01/12/2021 13:45,24,miércoles,13
01/12/2021 14:00,36,miércoles,14
01/12/2021 14:15,30,miércoles,14
01/12/2021 14:30,42,miércoles,14
01/12/2021 14:45,61,miércoles,14
01/12/2021 15:00,38,miércoles,15
01/12/2021 15:15,39,miércoles,15
01/12/2021 15:30,50,miércoles,15
01/12/2021 15:45,43,miércoles,15
01/12/2021 16:00,37,miércoles,16
01/12/2021 16:15,31,miércoles,16
01/12/2021 16:30,23,miércoles,16
01/12/2021 16:45,31,miércoles,16
01/12/2021 17:00,35,miércoles,17
01/12/2021 17:15,44,miércoles,17
01/12/2021 17:30,38,miércoles,17
01/12/2021 17:45,36,miércoles,17
01/12/2021 18:00,44,miércoles,18
01/12/2021 18:15,31,miércoles,18
01/12/2021 18:30,37,miércoles,18
01/12/2021 18:45,27,miércoles,18
01/12/2021 19:00,36,miércoles,19
01/12/2021 19:15,32,miércoles,19
01/12/2021 19:30,36,miércoles,19
01/12/2021 19:45,49,miércoles,19
01/12/2021 20:00,54,miércoles,20
01/12/2021 20:15,43,miércoles,20
01/12/2021 20:30,73,miércoles,20
01/12/2021 20:45,38,miércoles,20
01/12/2021 21:00,54,miércoles,21
01/12/2021 21:15,55,miércoles,21
01/12/2021 21:30,38,miércoles,21
01/12/2021 21:45,23,miércoles,21
01/12/2021 22:00,24,miércoles,22
01/12/2021 22:15,17,miércoles,22
01/12/2021 22:30,36,miércoles,22
01/12/2021 22:45,12,miércoles,22
01/12/2021 23:00,17,miércoles,23
01/12/2021 23:15,17,miércoles,23
01/12/2021 23:30,23,miércoles,23
01/12/2021 23:45,7,miércoles,23
02/12/2021 00:00,1,jueves,0
02/12/2021 00:15,16,jueves,0
02/12/2021 00:30,2,jueves,0
02/12/2021 00:45,7,jueves,0
02/12/2021 01:00,11,jueves,1
02/12/2021 01:15,4,jueves,1
02/12/2021 01:45,12,jueves,1
02/12/2021 02:00,5,jueves,2
02/12/2021 02:15,4,jueves,2
02/12/2021 02:45,2,jueves,2
02/12/2021 03:15,1,jueves,3
02/12/2021 03:45,1,jueves,3
02/12/2021 04:00,3,jueves,4
02/12/2021 05:00,14,jueves,5
02/12/2021 05:15,6,jueves,5
02/12/2021 05:30,1,jueves,5
02/12/2021 05:45,2,jueves,5
02/12/2021 06:15,10,jueves,6
02/12/2021 06:30,1,jueves,6
02/12/2021 06:45,30,jueves,6
02/12/2021 07:00,22,jueves,7
02/12/2021 07:15,25,jueves,7
02/12/2021 07:30,37,jueves,7
02/12/2021 07:45,36,jueves,7
02/12/2021 08:00,69,jueves,8
02/12/2021 08:15,53,jueves,8
02/12/2021 08:30,50,jueves,8
02/12/2021 08:45,16,jueves,8
02/12/2021 09:00,25,jueves,9
02/12/2021 09:15,32,jueves,9
02/12/2021 09:30,27,jueves,9
02/12/2021 09:45,34,jueves,9
02/12/2021 10:00,37,jueves,10
02/12/2021 10:15,33,jueves,10
02/12/2021 10:30,30,jueves,10
02/12/2021 10:45,53,jueves,10
02/12/2021 11:00,28,jueves,11
02/12/2021 11:15,16,jueves,11
02/12/2021 11:30,23,jueves,11
02/12/2021 11:45,22,jueves,11
02/12/2021 12:00,26,jueves,12
02/12/2021 12:15,27,jueves,12
02/12/2021 12:30,20,jueves,12
02/12/2021 12:45,31,jueves,12
02/12/2021 13:00,19,jueves,13
02/12/2021 13:15,19,jueves,13
02/12/2021 13:30,35,jueves,13
02/12/2021 13:45,27,jueves,13
02/12/2021 14:00,33,jueves,14
02/12/2021 14:15,29,jueves,14
02/12/2021 14:30,31,jueves,14
02/12/2021 14:45,50,jueves,14
02/12/2021 15:00,24,jueves,15
02/12/2021 15:15,21,jueves,15
02/12/2021 15:30,22,jueves,15
02/12/2021 15:45,17,jueves,15
02/12/2021 16:00,35,jueves,16
02/12/2021 16:15,38,jueves,16
02/12/2021 16:30,13,jueves,16
02/12/2021 16:45,15,jueves,16
02/12/2021 17:00,27,jueves,17
